ranking,player_name,jorsey_name,country,tournaments,points
1,Viktor Axelsen,AXELSEN,Denmark,15,101355
2,Anthony Sinisuka Ginting,GINTING,Indonesia,19,86611
3,Shi Feng Li,LI,China,23,81948
4,Jonatan Christie,CHRISTIE,Indonesia,18,81871
5,Kodai Naraoka,NARAOKA,Japan,23,80915
6,Kunlavut Vitidsarn,VITIDSARN,Thailand,18,79778
7,Yu Qi Shi,SHI,China,21,76874
8,H. S. Prannoy,PRANNOY,India,19,76037
9,Kean Yew Loh,LOH,Singapore,23,71062
10,Anders Antonsen,ANTONSEN,Denmark,19,66610
11,Zii Jia Lee,LEE,Malaysia,23,66496
12,Kenta Nishimoto,NISHIMOTO,Japan,25,61757
13,Tien Chen Chou,CHOU,Chinese Taipei,25,60867
14,Guang Zu Lu,LU,China,21,60850
15,Tze Yong Ng,NG,Malaysia,24,59940
16,Kanta Tsuneyama,TSUNEYAMA,Japan,23,59721
17,Lakshya Sen,SEN,India,21,57851
18,Hong Yang Weng,WENG,China,20,56440
19,Cheuk Yiu Lee,LEE,Hong Kong China,25,55934
20,Ka Long Angus Ng,NG,Hong Kong China,24,54522
21,Chun-Yi Lin,LIN,Chinese Taipei,26,49328
22,Srikanth Kidambi,KIDAMBI,India,21,49233
23,Chico  Aura Dwi Wardoyo,WARDOYO,Indonesia,19,49064
24,Toma Junior Popov,POPOV,France,22,47587
25,Brian Yang,YANG,Canada,26,47086
26,Koki Watanabe,WATANABE,Japan,15,44737
27,Rasmus Gemke,GEMKE,Denmark,13,43789
28,Tzu Wei Wang,WANG,Chinese Taipei,21,42820
29,Christo Popov,POPOV,France,21,40811
30,Priyanshu Rajawat,RAJAWAT,India,15,40170
31,Magnus Johannesen,JOHANNESEN,Denmark,20,39630
32,Kantaphon Wangcharoen,WANGCHAROEN,Thailand,21,38024
33,Jun Peng Zhao,ZHAO,China,16,37668
34,Li  Yang Su,SU,Chinese Taipei,20,37350
35,Kiran George,GEORGE,India,18,34910
36,Takuma Obayashi,OBAYASHI,Japan,11,34570
37,Chia Hao Lee,LEE,Chinese Taipei,20,34298
38,Misha Zilberman,ZILBERMAN,Israel,19,33814
39,Nhat Nguyen,NGUYEN,Ireland,21,33469
40,Kevin Cordon,CORDON,Guatemala,14,32582
41,Arnaud Merkle,MERKLE,France,15,32450
42,Yu Jen Chi,CHI,Chinese Taipei,20,31570
43,Jun Hao Leong,LEONG,Malaysia,14,31258
44,Mads Christophersen,CHRISTOPHERSEN,Denmark,17,31240
45,Julien Carraggi,CARRAGGI,Belgium,23,30888
46,Shesar Hiren Rhustavito,RHUSTAVITO,Indonesia,10,30770
47,Ygor Coelho,COELHO,Brazil,16,30430
48,Lan Xi Lei,LEI,China,10,29577
49,Jan Louda,LOUDA,Czech Republic,18,29530
50,Uriel Francisco Canjura Artiga,ARTIGA,El Salvador,16,29300
51,Yushi Tanaka,TANAKA,Japan,14,28840
52,Kento Momota,MOMOTA,Japan,10,28700
53,Hyeok Jin Jeon,JEON,Korea,15,28369
54,Yu Kai Huang,HUANG,Chinese Taipei,17,28280
55,Mark Caljouw,CALJOUW,Netherlands,15,27815
56,Kalle Koljonen,KOLJONEN,Finland,18,27511
57,Jonathan Matias,MATIAS,Brazil,19,27281
58,Mithun Manjunath,MANJUNATH,India,17,26290
59,Alex Lanier,LANIER,France,12,26130
60,June Wei Cheam,CHEAM,Malaysia,19,24650
61,Ade Resky Dwicahyo,DWICAHYO,Azerbaijan,21,24330
62,Koo Takahashi,TAKAHASHI,Japan,13,23870
63,Victor Svendsen,SVENDSEN,Denmark,15,23860
64,Sitthikom Thammasin,THAMMASIN,Thailand,11,22584
65,Jia Heng Jason Teh,TEH,Singapore,16,22316
66,Pablo Abian,ABIAN,Spain,19,22010
67,Luís Enrique Peñalver,PEÑALVER,Spain,18,21993
68,Tommy Sugiarto,SUGIARTO,Indonesia,11,21910
69,Kai Schaefer,SCHAEFER,Germany,25,21828
70,S.Sankar Muthusamy Subramanian,SUBRAMANIAN,India,22,21670
71,Sathish Kumar Karunakaran,KARUNAKARAN,India,15,21460
72,Justin Hoh,HOH,Malaysia,7,21400
73,B. Sai Praneeth,PRANEETH,India,14,21220
74,Viren Nettasinghe,NETTASINGHE,Sri Lanka,15,21170
75,Dmitriy Panarin,PANARIN,Kazakhstan,17,21146
76,Duc Phat Le,LE,Vietnam,18,20970
77,Joo Ven Soong,SOONG,Malaysia,20,20860
78,Hans-Kristian Solberg Vittinghus,VITTINGHUS,Denmark,8,20850
79,Jhuo-Fu Liao,LIAO,Chinese Taipei,15,20773
80,Yin Chak Chan,CHAN,Hong Kong China,10,20730
81,Luis Ramon Garrido,GARRIDO,Mexico,13,20026
82,Howard Shu,SHU,USA,22,19909
83,Fabian Roth,ROTH,Germany,22,19890
84,Riku Hatano,HATANO,Japan,15,19870
85,Giovanni Toti,TOTI,Italy,21,19682
86,Christian Adinata,ADINATA,Indonesia,6,19640
87,Fabio Caponio,CAPONIO,Italy,19,19065
88,Sholeh Aidil,AIDIL,Malaysia,11,18510
89,Joran Kweekel,KWEEKEL,Netherlands,15,18383
90,Joakim Oldorff,OLDORFF,Finland,21,18310
91,Danylo Bosniuk,BOSNIUK,Ukraine,19,18238
92,Lucas Claerbout,CLAERBOUT,France,11,18070
93,Felix Burestedt,BURESTEDT,Sweden,12,17825
94,Collins Valentine Filimon,FILIMON,Austria,11,17770
95,Alwi Farhan,FARHAN,Indonesia,9,17700
96,Hai Dang Nguyen,NGUYEN,Vietnam,18,17650
97,Ikhsan Leonardo Imanuel Rumbay,RUMBAY,Indonesia,9,17020
98,Max Weisskirchen,WEISSKIRCHEN,Germany,17,16960
99,Sameer Verma,VERMA,India,7,16780
100,Po-Wei Wang,WANG,Chinese Taipei,10,16690
101,Anuoluwapo Juwon Opeyori,OPEYORI,Nigeria,12,16582
102,Daren Liew,LIEW,Malaysia,6,16550
103,Mark Shelley Alcala,ALCALA,USA,14,16430
104,Kuan Lin Kuo,KUO,Chinese Taipei,17,16050
105,Christopher Vittoriani,VITTORIANI,Italy,17,15820
106,Bahaedeen Ahmad Alshannik,ALSHANNIK,Jordan,15,15370
107,Alap Mishra,MISHRA,India,16,15120
108,Matthias Kicklitz,KICKLITZ,Germany,17,15000
109,Tobias Kuenzi,KUENZI,Switzerland,17,14947
110,Markus Barth,BARTH,Norway,21,14660
111,Jason Gunawan,GUNAWAN,Hong Kong China,9,14630
112,Daniil Dubovenko,DUBOVENKO,Israel,9,14600
113,Luka Wraber,WRABER,Austria,18,14593
114,Kuan-Ting Lin,LIN,Chinese Taipei,14,14540
115,Krishna Adi Nugraha,NUGRAHA,Indonesia,7,14420
116,Bernardo Atilano,ATILANO,Portugal,17,14388
117,Meiraba Luwang Maisnam,MAISNAM,India,19,14263
118,Kartikey Gulshan Kumar,KUMAR,India,12,14130
119,Nathan Tang,TANG,Australia,16,13990
120,Adham Hatem Elgamal,ELGAMAL,Egypt,18,13836
121,Yun Gyu Lee,LEE,Korea,9,13817
122,Chirag Sen,SEN,India,15,13780
123,Victor Lai,LAI,Canada,10,13780
124,Karan Rajan Rajarajan,RAJARAJAN,Denmark,13,13720
125,Enogat Roy,ROY,France,16,13406
126,Job Castillo,CASTILLO,Mexico,11,13390
127,Ken Yon Ong,ONG,Malaysia,10,13200
128,Zhen Yi Ong,ONG,Malaysia,12,12910
129,Samuel O’Brien Ricketts,RICKETTS,Jamaica,16,12630
130,Kim Sheng Chua,CHUA,Malaysia,12,12490
131,Harshit Aggarwal,AGGARWAL,India,15,12470
132,Harry Huang,HUANG,England,14,12430
133,Adriano Viale Aguirre,AGUIRRE,Peru,12,12395
134,Panitchaphon Teeraratsakul,TEERARATSAKUL,Thailand,13,12342
135,Xiaodong Sheng,SHENG,Canada,16,12230
136,Victor Ørding Kauffmann,KAUFFMANN,Denmark,12,12100
137,Seng Zoe Yeoh,YEOH,Malaysia,8,12100
138,Ryoma Muramoto,MURAMOTO,Japan,11,12090
139,Yang Yang,YANG,Chinese Taipei,9,12030
140,Ravi Ravi,RAVI,India,8,11940
141,Justin Ma,MA,USA,20,11880
142,Georges Julien Paul,PAUL,Mauritius,15,11871
143,Johnnie Torjussen,TORJUSSEN,England,15,11852
144,Armando Gaitan,GAITAN,Mexico,10,11841
145,Yu Huang,HUANG,Chinese Taipei,8,11660
146,Sankeerth B. R.,R.,Canada,18,11622
147,Milan Dratva,DRATVA,Slovakia,13,11550
148,Chi Ting Chen,CHEN,Chinese Taipei,12,11550
149,Shahyar Shaqeem,SHAQEEM,Malaysia,10,11540
150,Somi Romdhani,ROMDHANI,United Arab Emirates,11,11470
151,Brian Kasirye,KASIRYE,Uganda,10,11429
152,Samuel Hsiao,HSIAO,Germany,25,11392
153,Takuma Kawamoto,KAWAMOTO,Japan,5,11350
154,Minoru Koga,KOGA,Japan,6,11200
155,Rohan Midha,MIDHA,England,29,11160
156,Pyeong Gang Choi,CHOI,Korea,7,11050
157,Shun Yang Lee,LEE,Malaysia,9,10830
158,Jacob Schueler,SCHUELER,Australia,15,10824
159,Joel König,KÖNIG,Switzerland,18,10790
160,Rithvik Sanjeevi Satish Kumar,KUMAR,India,13,10790
161,Keita Makino,MAKINO,Japan,5,10760
162,Chong King Lim,LIM,Malaysia,11,10750
163,Gergo Pytel,PYTEL,Hungary,14,10702
164,Jing Hong Kok,KOK,Malaysia,10,10640
165,Raghu Mariswamy,MARISWAMY,India,9,10630
166,Edward Lau,LAU,New Zealand,6,10550
167,Geonyeop Cho,CHO,Korea,8,10503
168,Ricky Tang,TANG,Australia,10,10345
169,Yeison Esleiter Del Cid Alvarez,ALVAREZ,Guatemala,9,10320
170,Valentin Singer,SINGER,France,16,10280
171,Yohanes Saut Marcellyno,MARCELLYNO,Indonesia,8,10130
172,Julien Scheiwiller,SCHEIWILLER,Switzerland,17,10117
173,Kwang Hee Heo,HEO,Korea,5,10070
174,Dimitar Yanakiev,YANAKIEV,Bulgaria,11,9925
175,Andi Fadel Muhammad,MUHAMMAD,Indonesia,8,9920
176,Chia Hung Lu,LU,Chinese Taipei,11,9890
177,Siddhanth Gupta,GUPTA,India,13,9880
178,Enrico Asuncion,ASUNCION,USA,18,9748
179,Arunesh Hari,HARI,India,11,9660
180,Shota Omoto,OMOTO,Japan,6,9660
181,Sacha Leveque,LEVEQUE,France,15,9650
182,Harsheel Dani,DANI,India,10,9640
183,Abhishek Yeligar,YELIGAR,India,12,9620
184,Imran Wadia,WADIA,Canada,11,9240
185,Yanis Gaudin,GAUDIN,France,13,9160
186,Shogo Ogawa,OGAWA,Japan,6,9070
187,Elias Bracke,BRACKE,Belgium,17,9060
188,Jack Yu,YU,Australia,14,8932
189,Liang Liu,LIU,China,3,8930
190,Eveshgaran Vasigaran,VASIGARAN,Malaysia,15,8870
191,Alvi Wijaya Chairullah,CHAIRULLAH,Indonesia,8,8820
192,Mads Juel Møller,MØLLER,Denmark,16,8790
193,Jeppe Bruun,BRUUN,Denmark,15,8690
194,Wolfgang Gnedt,GNEDT,Austria,13,8609
195,Dumindu Abeywickrama,ABEYWICKRAMA,Sri Lanka,15,8600
196,Prince Dahal,DAHAL,Nepal,7,8560
197,Jia Wei Joel Koh,KOH,Singapore,11,8460
198,Dominik Kwinta,KWINTA,Poland,11,8448
199,Yu Hsien Lin,LIN,Chinese Taipei,9,8380
200,Kevin Arokia Walter,WALTER,USA,10,8330
201,Jeng Hon Chia,CHIA,Malaysia,10,8310
202,Youcef Sabri Medel,MEDEL,Algeria,15,8292
203,Subhankar Dey,DEY,India,12,8290
204,Shashwat Dalal,DALAL,India,11,8210
205,Vishal Vasudevan,VASUDEVAN,India,7,8210
206,Jia Jie Tan,TAN,Malaysia,14,8110
207,Yen-Chen Ting,TING,Chinese Taipei,7,8110
208,Iqbal Diaz Syahputra,SYAHPUTRA,Indonesia,8,8080
209,Wan Ho Son,SON,Korea,6,8080
210,Luis Armando Montoya Navarro,NAVARRO,Mexico,9,8050
211,Tegar Sulistio,SULISTIO,Indonesia,8,8040
212,Kian-Yu Oei,OEI,Germany,17,7960
213,Saran Jamsri,JAMSRI,Thailand,8,7858
214,Santiago Otero,OTERO,Argentina,9,7830
215,Ji Hoon Choi,CHOI,Korea,3,7820
216,Korakrit Laotrakul,LAOTRAKUL,Thailand,15,7740
217,Davi Silva,SILVA,Brazil,9,7740
218,Leo Lee,LEE,Paraguay,9,7680
219,Hemanth M.Gowda,M.GOWDA,India,11,7670
220,Koshiro Moriguchi,MORIGUCHI,Japan,6,7630
221,Aria Dinata,DINATA,Croatia,11,7580
222,Kashyap Parupalli,PARUPALLI,India,8,7530
223,Caden Kakora,KAKORA,South Africa,11,7437
224,Hussein Shaheed,SHAHEED,Maldives,15,7340
225,Adel Hamek,HAMEK,Algeria,9,7260
226,Heng Lin Ngan,NGAN,England,14,7220
227,Javier Armando Alas,ALAS,El Salvador,9,7200
228,Phone Pyae Naing,NAING,Myanmar,13,7130
229,Brian Holtschke,HOLTSCHKE,Germany,18,7060
230,Fei Xiang Sun,SUN,China,2,7020
231,Muhammad Reza Al Fajri,FAJRI,Indonesia,10,7010
232,Linden Wang,WANG,USA,15,6980
233,Miha Ivančič,IVANČIČ,Slovenia,19,6950
234,Mateusz Danielak,DANIELAK,Poland,16,6930
235,Kim Bruun,BRUUN,Denmark,8,6890
236,Jason Christ Alexander,ALEXANDER,Indonesia,6,6870
237,Yohan Barbieri,BARBIERI,France,18,6770
238,Henry Huebla Leon,LEON,Ecuador,4,6770
239,Shao Herng Hooi,HOOI,Malaysia,10,6630
240,Keisuke Fujiwara,FUJIWARA,Japan,6,6560
241,Simon Baron-Vezilier,BARON-VEZILIER,France,10,6530
242,Hikaru Minegishi,MINEGISHI,Japan,4,6510
243,Robert White,WHITE,South Africa,9,6370
244,Kai Chen Teoh,TEOH,Australia,13,6360
245,Adnan Ebrahim,EBRAHIM,Bahrain,7,6305
246,Haikal Taufik M Atef,ATEF,Malaysia,12,6210
247,Tharun Mannepalli,MANNEPALLI,India,9,6110
248,Alvaro Leal,LEAL,Spain,11,5980
249,Brice Leverdez,LEVERDEZ,France,4,5930
250,Rasindu Hendahewa,HENDAHEWA,Sri Lanka,14,5920
251,Abhinav Manota,MANOTA,New Zealand,2,5900
252,Grégoire Deschamp,DESCHAMP,France,14,5894
253,Robert Summers,SUMMERS,South Africa,8,5885
254,Varun Kapur,KAPUR,India,10,5780
255,Keith Mark Edison,EDISON,Australia,17,5740
256,Matthew Abela,ABELA,Malta,14,5670
257,Muhammad Halim As Sidiq,SIDIQ,Indonesia,4,5660
258,Bruno Carvalho,CARVALHO,Portugal,17,5650
259,Tian Yao Dong,DONG,China,4,5629
260,Kiran Kumar Mekala,MEKALA,India,14,5600
261,Nadeem Dalvi,DALVI,England,16,5551
262,Kai Hern Huan,HUAN,Malaysia,8,5520
263,Dong Keun Lee,LEE,Korea,4,5520
264,Kaushal Dharmamer,DHARMAMER,India,7,5470
265,Ricky Cheng,CHENG,New Zealand,6,5440
266,Yonatan Linarez,LINAREZ,Dominican Republic,5,5430
267,Amaury Lievre,LIEVRE,France,12,5410
268,Jonathan Dolan,DOLAN,Ireland,7,5380
269,Jiří Král,KRÁL,Czech Republic,10,5360
270,Raymond Sing,SING,Timor Leste,10,5300
271,Jewel Angelo Albo,ALBO,Philippines,6,5230
272,Cholan Kayan,KAYAN,England,15,5198
273,Batdavaa Munkhbat,MUNKHBAT,Mongolia,10,5170
274,Samuel Lee,LEE,Malaysia,11,5130
275,Gustav Bjorkler,BJORKLER,Sweden,7,5120
276,Mikolaj Szymanowski,SZYMANOWSKI,Poland,13,5115
277,Anirudh Janardhanan,JANARDHANAN,India,17,5090
278,Pit Seng Low,LOW,Australia,5,5090
279,Iikka Heino,HEINO,Finland,8,5080
280,Chao Sun,SUN,China,2,5040
281,Naren Shankar Iyer,IYER,India,11,4960
282,Pang Fong Pui,PUI,Macau China,6,4910
283,Prahdiska Bagas Shujiwo,SHUJIWO,Indonesia,5,4910
284,Cheng-Han Tsai,TSAI,Chinese Taipei,4,4910
285,Ayush Shetty,SHETTY,India,3,4870
286,Nicolas A. Mueller,MUELLER,Switzerland,16,4860
287,Aashinsa Herath,HERATH,Sri Lanka,7,4860
288,Kien Hwa King,KING,Malaysia,8,4850
289,Kanishq M,M,India,5,4840
290,Yan Kit Wong,WONG,Canada,14,4820
291,Muhammad Sultan Nurhabibullah Mayang,MAYANG,Indonesia,3,4820
292,Bobby Setiabudi,SETIABUDI,Indonesia,7,4800
293,Sok Rikreay,RIKREAY,Cambodia,1,4800
294,Finn Achthoven,ACHTHOVEN,Netherlands,20,4790
295,Filip Spoljarec,SPOLJAREC,Croatia,10,4690
296,Nicolas Oliva,OLIVA,Argentina,5,4613
297,Charles Fouyn,FOUYN,Belgium,14,4580
298,Bodhi Ratana Teja Gotama,GOTAMA,Indonesia,10,4580
299,Dicky Dwi Pangestu,PANGESTU,Azerbaijan,8,4540
300,Kalombo Mulenga,MULENGA,Zambia,6,4532
301,Kuswanto Kuswanto,KUSWANTO,United Arab Emirates,5,4490
302,Zheng Xing Wang,WANG,China,4,4484
303,Juin An Yap,YAP,Malaysia,11,4480
304,Pranay Katta,KATTA,India,7,4480
305,David Kim,KIM,Denmark,13,4450
306,Shih-Chieh Chang,CHANG,Chinese Taipei,8,4440
307,Jackson Yang,YANG,Canada,5,4420
308,Bradley Evans,EVANS,Jamaica,2,4420
309,Soren Opti,OPTI,Suriname,6,4400
310,Garret Tan,TAN,USA,9,4390
311,Alonso Medel,MEDEL,Chile,5,4340
312,Frank Barrios,BARRIOS,Venezuela,3,4330
313,Bharat Raghav,RAGHAV,India,5,4320
314,Aryamann Tandon,TANDON,India,4,4320
315,Xuan Chen Zhu,ZHU,China,2,4310
316,Aaron Sonnenschein,SONNENSCHEIN,Germany,12,4160
317,Aram Mahmoud,MAHMOUD,Netherlands,5,4153
318,Kevin Barkman,BARKMAN,Canada,15,4150
319,Adam Dolman,DOLMAN,Australia,3,4110
320,Ming Hong Lim,LIM,Malaysia,9,4100
321,Mohamed  Abderrahime Belarbi,BELARBI,Algeria,8,4027
322,Roberto Carlos Herrera Vazquez,VAZQUEZ,Cuba,3,4010
323,Wei Chi Liu,LIU,Chinese Taipei,6,3990
324,Jie Ying Chan,CHAN,Australia,3,3990
325,Maksymilian Danielak,DANIELAK,Poland,9,3970
326,Thabani Mathe,MATHE,Zimbabwe,6,3926
327,Daniel Nikolov,NIKOLOV,Bulgaria,3,3863
328,Kennie King,KING,Barbados,6,3860
329,Zheng Tseng Tan,TAN,Malaysia,6,3840
330,Andraz Krapez,KRAPEZ,Slovenia,9,3810
331,Ditlev Jaeger Holm,HOLM,Denmark,3,3810
332,Ahmed Nibal,NIBAL,Maldives,10,3740
333,Remi Rossi,ROSSI,French Polynesia (Tahiti),7,3738
334,Karl Kert,KERT,Estonia,12,3706
335,Ken Richardson,RICHARDSON,Australia,3,3670
336,Anderson Taveras,TAVERAS,Dominican Republic,2,3670
337,Manuel Mejia,MEJIA,El Salvador,6,3640
338,Filip Karlborg,KARLBORG,Sweden,12,3630
339,Mahd Shaikh,SHAIKH,Saudi Arabia,7,3620
340,Jakob Houe,HOUE,Denmark,4,3580
341,Panji Ahmad Maulana,MAULANA,Indonesia,4,3570
342,Mohamad Hafiz Mohamed Sikkander,SIKKANDER,Malaysia,11,3550
343,Riki Takei,TAKEI,Japan,3,3520
344,Siddharth Pratap Singh,SINGH,India,7,3500
345,Louis Ducrot,DUCROT,France,6,3500
346,Kah Kit Kan,KAN,Brunei Darussalem,8,3490
347,Ahmed Salah,SALAH,Egypt,3,3411
348,Hai Chao Liu,LIU,China,2,3390
349,Dennis Koppen,KOPPEN,Netherlands,7,3350
350,Tien Minh Nguyen,NGUYEN,Vietnam,5,3340
351,Lukasz Cimosz,CIMOSZ,Poland,13,3318
352,Deivid Silva,SILVA,Brazil,2,3300
353,Eogene Ewe,EWE,Malaysia,4,3270
354,Maxim Grinblat,GRINBLAT,Israel,11,3260
355,William Hu,HU,USA,4,3250
356,Thomas Fourcade,FOURCADE,France,9,3230
357,Zi Lok Sie,SIE,Malaysia,8,3220
358,Saket Thavanani,THAVANANI,Canada,9,3200
359,Hein Htut,HTUT,Myanmar,5,3200
360,Saneeth Dayanand Shimoga,SHIMOGA,India,9,3190
361,Joonas Korhonen,KORHONEN,Finland,10,3170
362,Tino Daoudal,DAOUDAL,France,10,3160
363,Rio Agustino,AGUSTINO,Australia,4,3160
364,Aaron Bai,BAI,USA,18,3140
365,Paul Tournefier,TOURNEFIER,France,12,3110
366,Sai Charan Koya,KOYA,India,5,3110
367,Miguel Quirama,QUIRAMA,Colombia,2,3110
368,Ivan Rusev,RUSEV,Bulgaria,13,3055
369,Henrikho Kho Wibowo,WIBOWO,Indonesia,8,3050
370,Faiz Rozain,ROZAIN,Malaysia,3,3049
371,Tarun Reddy Katam,KATAM,India,9,3040
372,Chi Chon Pui,PUI,Macau China,5,3040
373,Wei Yi Zhang,ZHANG,China,2,3040
374,Avinash Shastri,SHASTRI,New Zealand,4,3030
375,Zheng Ze Gao,GAO,China,1,3030
376,Bharath Latheesh,LATHEESH,United Arab Emirates,2,3000
377,Li-Chun Kuo,KUO,Chinese Taipei,5,2990
378,Buwaneka Goonethilleka,GOONETHILLEKA,Sri Lanka,4,2990
379,Gianpiero Cavallotti,CAVALLOTTI,Costa Rica,4,2980
380,Yu Igarashi,IGARASHI,Japan,3,2980
381,Sam Yuan,YUAN,Canada,7,2960
382,Abhyansh Singh,SINGH,India,9,2940
383,Noah Haase,HAASE,Netherlands,9,2890
384,Angel Argenis Marinez Ulloa,ULLOA,Dominican Republic,3,2880
385,Jerome Pauquet,PAUQUET,Luxembourg,9,2878
386,Dhruv Kumar,KUMAR,India,12,2810
387,Manav Choudhary,CHOUDHARY,India,6,2800
388,Chi Wing Lim,LIM,Malaysia,1,2800
389,Adrian King-Sun Mar,MAR,USA,3,2795
390,Ryan Ma,MA,USA,3,2790
391,Kavin Thangam Kavin,KAVIN,India,10,2770
392,In Qin Ng,NG,Malaysia,5,2770
393,Yu-Han Hsu,HSU,Chinese Taipei,6,2750
394,Tien Ann Par,PAR,Malaysia,6,2740
395,Emre Lale,LALE,Turkiye,3,2720
396,Siddhant Salar,SALAR,India,7,2710
397,Kai An Wu,WU,China,2,2710
398,Ernesto Baschwitz,BASCHWITZ,Spain,8,2690
399,Donghun Kim,KIM,Korea,3,2690
400,Juan Carlos Bencomo Otaño,OTAÑO,Cuba,3,2680
401,Adisak Prasertphetmanee,PRASERTPHETMANEE,Thailand,5,2650
402,Arthur Wakhevitsch,WAKHEVITSCH,France,9,2620
403,Jean Bernard Bongout,BONGOUT,Mauritius,5,2620
404,Reece Marcano,MARCANO,Trinidad and Tobago,2,2590
405,Rajesh Srikar,SRIKAR,India,5,2580
406,Mathias Solgaard,SOLGAARD,Denmark,11,2560
407,Ephraim Stephen Sam,SAM,Australia,2,2550
408,Pranav Rao Gandham,GANDHAM,India,5,2540
409,Miha Ivanič,IVANIČ,Slovenia,4,2480
410,Fernando Sanhueza,SANHUEZA,Chile,3,2480
411,Arya Bhivpathaki,BHIVPATHAKI,India,4,2473
412,Aaron Assing,ASSING,Réunion,2,2460
413,Leo Van Gysel,GYSEL,France,6,2450
414,Abhishek Saini,SAINI,India,3,2450
415,Firman Abdul Kholik,KHOLIK,Indonesia,3,2440
416,Godwin Olofua,OLOFUA,Nigeria,2,2440
417,Larry Pong,PONG,England,10,2430
418,Muhammad Naim Ahmad Fairuzly,FAIRUZLY,Malaysia,5,2430
419,Obiegue Solomon,SOLOMON,Equatorial Guinea,4,2430
419,Jan Jireh Lee,LEE,Malaysia,4,2430
421,Mohamed Abdelaziz Ouchefoun,OUCHEFOUN,Algeria,4,2400
422,Mwanza Edward,EDWARD,Zambia,4,2395
423,Amos Muyanja,MUYANJA,Uganda,5,2385
424,Magnus Klinggaard,KLINGGAARD,Denmark,9,2350
425,Jun Hui Marcus Lau,LAU,Singapore,4,2350
426,John Li,LI,Canada,6,2340
427,Neil Bhabuta,BHABUTA,England,11,2320
428,Dominik Kopřiva,KOPŘIVA,Czech Republic,10,2310
429,Josh Nguyen,NGUYEN,Canada,4,2300
430,Sifeddine Larbaoui,LARBAOUI,Algeria,4,2290
431,Shao-Hsuan Chen,CHEN,Chinese Taipei,6,2280
432,Jose Guevara,GUEVARA,Peru,4,2280
433,Shun Saito,SAITO,Japan,4,2260
434,Chu Chen Lin,LIN,Chinese Taipei,4,2250
435,Alfito Pringgo Yudanto,YUDANTO,Indonesia,3,2240
435,Chung-Hsiang Yih,YIH,Chinese Taipei,3,2240
437,Marcus Viscovich,VISCOVICH,Denmark,8,2210
438,Eu Cong Low,LOW,Malaysia,3,2200
438,Ansal Yadav,YADAV,India,3,2200
440,Niccolo Tagle,TAGLE,New Zealand,1,2200
440,Oscar Guo,GUO,New Zealand,1,2200
442,Patrick Zbinden,ZBINDEN,Switzerland,15,2199
443,Ratchaphol Srithong,SRITHONG,Thailand,11,2190
444,Augustus Owinyi,OWINYI,Uganda,3,2190
444,Timothy Kafunda,KAFUNDA,Zambia,3,2190
446,Phuc Thinh Phan,PHAN,Vietnam,4,2150
447,Samuel Cassar,CASSAR,Malta,7,2130
448,Karono Karono,KARONO,Australia,1,2130
449,Yaro Van Delsen,DELSEN,Belgium,9,2120
450,Sebastian Vasquez,VASQUEZ,Chile,3,2120
451,Salar Bayat,BAYAT,Iran,2,2120
452,Hooman Bagheri,BAGHERI,Canada,6,2110
453,Ze Qing Liu,LIU,China,1,2110
453,Ping-Hsien Huang,HUANG,Chinese Taipei,1,2110
455,Ci Fu Lei,LEI,Chinese Taipei,5,2100
456,Sharum Durand Cardenas,CARDENAS,Peru,4,2100
457,Min Seon Jeong,JEONG,Korea,3,2087
458,Kai Feng Tang,TANG,China,7,2070
459,Praful Maharjan,MAHARJAN,Nepal,2,2070
459,Niluka Karunaratne,KARUNARATNE,Sri Lanka,2,2070
461,Enrico Baroni,BARONI,Italy,8,2050
462,Michael Daniel Royce Karamoy,KARAMOY,Indonesia,5,2050
463,Oleksandar Shmundyak,SHMUNDYAK,Ukraine,4,2050
464,Nachakorn Pusri,PUSRI,Thailand,3,2050
465,Brian Rodrigo Roque Caycho,CAYCHO,Peru,4,2040
466,Jin Hong Teh,TEH,Malaysia,7,2030
467,Shubh Krishan,KRISHAN,Canada,6,2030
468,Imka Putrama Arlin,ARLIN,Indonesia,3,2020
469,Orijit Chaliha,CHALIHA,India,6,2010
470,Bhargav Somasundara,SOMASUNDARA,India,3,2010
471,Chen Xun Zhao,ZHAO,Chinese Taipei,4,2000
472,Anson Cheong,CHEONG,Malaysia,6,1972
473,Ethan Rose,ROSE,England,6,1970
474,Aaron Kai Bin Kok,KOK,Malaysia,8,1950
475,Puritat Arree,ARREE,Thailand,4,1950
475,Saahas Kumar P.,P.,India,4,1950
477,Abed Bukenya,BUKENYA,Uganda,4,1940
478,Mohamad Haris Sufian Rushdan,RUSHDAN,Malaysia,3,1940
479,Abdul Swaburuh Ssempiri,SSEMPIRI,Uganda,5,1920
480,Carlos Piris,PIRIS,Spain,2,1920
481,Nicholas Bonkowsky,BONKOWSKY,Trinidad and Tobago,6,1900
482,Alexander Pedersen,PEDERSEN,Denmark,9,1880
483,Jacob Hjorth,HJORTH,Denmark,8,1860
484,Micaiah Jien Zheng Chai,CHAI,Malaysia,6,1860
484,Kai Qing Choo,CHOO,Malaysia,6,1860
486,Mahmoud Montaser,MONTASER,Egypt,4,1860
487,Zong Han Lee,LEE,Singapore,4,1850
488,Sanjeevi Padmanabhan Vasudevan,VASUDEVAN,Germany,6,1840
488,Siddhartha Mishra,MISHRA,India,6,1840
490,Fei Long Ao,AO,Macau China,4,1840
491,Chun Sin Yap,YAP,Malaysia,2,1840
491,Tae Ern Ong,ONG,Malaysia,2,1840
491,Ahmad Balarabe Umar,UMAR,Nigeria,2,1840
491,Mujittapha Umar,UMAR,Nigeria,2,1840
491,Hoe Keat Oon,OON,Australia,2,1840
496,Viacheslav Yakovlev,YAKOVLEV,Ukraine,11,1833
497,Darshan Pujari,PUJARI,India,3,1830
497,Johnathan Akin-Mulrooney,AKIN-MULROONEY,Canada,3,1830
499,Kai Niederhuber,NIEDERHUBER,Austria,12,1820
500,Muzafaru Lubega,LUBEGA,Uganda,3,1820
501,Yash Yogi,YOGI,India,5,1800
502,Zaw Lin Htoo,HTOO,Myanmar,4,1790
503,Brent Guo,GUO,Australia,3,1790
504,Kenneth Comfort Mwambu,MWAMBU,Uganda,5,1786
505,Bima Al Ayman Modjo,MODJO,Indonesia,4,1780
506,Aljallad Ahmad,AHMAD,Syrian Arab Republic,4,1770
506,Luca Zhou,ZHOU,Italy,4,1770
508,Ali Hayati,HAYATI,Iran,3,1770
509,Melvin Appiah,APPIAH,Mauritius,4,1760
510,Yun Ze Li,LI,China,2,1760
511,Fang Keat Koo,KOO,Malaysia,5,1740
512,Callum Smith,SMITH,Scotland,4,1734
513,Philip Brandt,BRANDT,Denmark,2,1730
513,Pranay Shettigar,SHETTIGAR,India,2,1730
515,Camilo Borst,BORST,Germany,9,1710
515,Sid Palakkal,PALAKKAL,England,9,1710
517,Chun Chung Hung,HUNG,Chinese Taipei,1,1700
518,Aditya Gupta,GUPTA,India,2,1690
519,Peter Yan,YAN,Australia,1,1670
520,Leonard Manuel,MANUEL,Northern Marianas,4,1640
521,Ajay Satish Kumar Nair,NAIR,India,3,1640
522,Victor Ho,HO,Canada,7,1620
523,Lai Yin Chung,CHUNG,Canada,4,1620
524,Zong Ruei Lee,LEE,Chinese Taipei,2,1620
525,Daniel Zhou,ZHOU,Canada,4,1610
526,Hing Long Wong,WONG,Canada,6,1580
527,Axel Henrik Parkhøi,PARKHØI,Denmark,5,1580
528,Muhammad Ariffuddin Radin,RADIN,Malaysia,6,1560
529,Abhinav Thakur,THAKUR,India,5,1550
530,Mustaopha Muhammed,MUHAMMED,Nigeria,2,1543
531,Joshua Apiliga,APILIGA,Scotland,2,1540
532,Muhammad Febriansyah,FEBRIANSYAH,Indonesia,3,1533
533,Mark Anthony Velasco,VELASCO,Philippines,2,1520
533,Abhinaav Karthikrajan,KARTHIKRAJAN,India,2,1520
533,Emmanuel Olusegun Ogunsanwo,OGUNSANWO,Nigeria,2,1520
536,Muhammad Faiq,FAIQ,Malaysia,1,1520
536,Athi Selladurai,SELLADURAI,Australia,1,1520
536,Julian Mao Lun Lee,LEE,Australia,1,1520
536,Ruan Snyman,SNYMAN,South Africa,1,1520
536,Jing Yi Zhang,ZHANG,China,1,1520
536,Milain Lohith Ranasinghe,RANASINGHE,Australia,1,1520
536,Rahul Yadav Chittaboina,CHITTABOINA,India,1,1520
543,Muath Alghamdi,ALGHAMDI,Saudi Arabia,10,1500
544,Danila Gataullin,GATAULLIN,Norway,9,1500
545,Ramiro Alonso Espinoza,ESPINOZA,Guatemala,3,1500
546,Shreyansh Jaiswal,JAISWAL,India,4,1490
547,Bevan Cox,COX,New Zealand,3,1490
548,Johan Azelius,AZELIUS,Sweden,3,1480
549,Moh. Zaki Ubaidillah,UBAIDILLAH,Indonesia,2,1470
549,Kennet Suria,SURIA,El Salvador,2,1470
549,Shrey Dhand,DHAND,Australia,2,1470
549,Felix Dureil Nkonomo Bengono,BENGONO,Cameroon,2,1470
549,Jonathan Mcdonald,MCDONALD,England,2,1470
549,Siril Verma,VERMA,India,2,1470
549,Minjava Sulthoni Mukminin,MUKMININ,Indonesia,2,1470
556,Alberto Perals,PERALS,Spain,5,1460
557,Tanawat Yimjit,YIMJIT,Thailand,4,1450
558,Estuardo Del Valle Leisbeth,LEISBETH,Guatemala,3,1450
558,Emmanuel Stephen Sam,SAM,Australia,3,1450
560,Kuan-Chih Shih,SHIH,Chinese Taipei,4,1420
561,Ashel Dziva,DZIVA,Zimbabwe,4,1410
562,William Bøgebjerg,BØGEBJERG,Denmark,2,1390
563,Kareem Ezzat,EZZAT,Egypt,3,1376
564,Akash Singh,SINGH,India,4,1370
565,Michel Henri Assembe,ASSEMBE,Cameroon,3,1349
566,Iliyan Stoynov,STOYNOV,Bulgaria,3,1340
567,Mohamed Ajfan Rasheed,RASHEED,Maldives,8,1330
568,Utchan Ruaysap,RUAYSAP,Thailand,4,1330
569,Rui Yang Ryan Tan,TAN,Singapore,6,1310
570,Guilhem Hoyaux,HOYAUX,France,3,1310
570,Jose Rendon Chirinos,CHIRINOS,Peru,3,1310
570,Tien Tuan Nguyen,NGUYEN,Vietnam,3,1310
573,Remus Ng,NG,Singapore,3,1290
574,Binghong Ye,YE,USA,1,1290
575,Daniel Macario,MACARIO,Northern Marianas,2,1280
575,Bishnu Katwal,KATWAL,Nepal,2,1280
575,Yu Cheng Chen,CHEN,Chinese Taipei,2,1280
575,Allan Zeng,ZENG,Guam,2,1280
575,Idrisse Issofo Mossagy,MOSSAGY,Mozambique,2,1280
575,Brian Lubao,LUBAO,Northern Marianas,2,1280
575,Sheng Po Yu,YU,Chinese Taipei,2,1280
575,Paulo Quidato,QUIDATO,Northern Marianas,2,1280
583,Trinity Chipumho,CHIPUMHO,Zimbabwe,2,1270
583,Joseph Emmanuel Emmy,EMMY,Nigeria,2,1270
583,Peter Poho,POHO,Zambia,2,1270
583,Khalil Safana Shamsuddeen,SHAMSUDDEEN,Nigeria,2,1270
587,Nawaf Alghamdi,ALGHAMDI,Saudi Arabia,7,1260
588,Xing Huong Goh,GOH,Australia,3,1230
588,Mads Thøgersen,THØGERSEN,Denmark,3,1230
588,Wei Hsuan Lu,LU,Chinese Taipei,3,1230
591,Ananda Galvani Daniswara,DANISWARA,Finland,3,1210
592,Muhammad Irfan Saeed Bhatti,BHATTI,Pakistan,2,1200
592,Murad Ali,ALI,Pakistan,2,1200
592,Romeo Makboul,MAKBOUL,Sweden,2,1200
595,Anish Gurung,GURUNG,Bhutan,1,1200
595,Sunil Joshi,JOSHI,Nepal,1,1200
595,Jimba Sangay Lhendup,LHENDUP,Bhutan,1,1200
595,Sumiyasuren Enkhbat,ENKHBAT,Mongolia,1,1200
600,Raymond Webster,WEBSTER,England,8,1190
601,Andrzej Niczyporuk,NICZYPORUK,Poland,7,1190
602,Welton Menezes,MENEZES,Brazil,3,1175
603,Adith Karthikeyan Priya,PRIYA,Netherlands,5,1170
604,Eason Wong,WONG,Canada,3,1170
605,Kaito Sugawara,SUGAWARA,Japan,1,1170
605,An Chi Chen,CHEN,Chinese Taipei,1,1170
607,Jonas Petkus,PETKUS,Lithuania,7,1167
608,Lorrain Joliat,JOLIAT,Switzerland,8,1160
609,Loic Bertil,BERTIL,Réunion,3,1160
610,Joon Hyeok Park,PARK,Korea,2,1130
610,Sheng Lyu,LYU,USA,2,1130
610,Dylan Ooi,OOI,Malaysia,2,1130
613,Richard Kuhl,KUHL,Sweden,7,1120
614,Ze Xi Sean Ngu,NGU,Malaysia,6,1120
615,Yu-Jui Lee,LEE,Chinese Taipei,4,1120
616,Siva Khabilan,KHABILAN,Malaysia,3,1120
616,Manraj Singh,SINGH,India,3,1120
618,José Alejandro Orellana,ORELLANA,El Salvador,2,1117
619,Abdelrahman Abdelhakim,ABDELHAKIM,Egypt,7,1110
620,Mykhailo Vyshnevyi,VYSHNEVYI,Ukraine,9,1100
621,Ming Yap Too,TOO,Malaysia,4,1100
621,Khemtish Rai Nundah,NUNDAH,Mauritius,4,1100
623,Rohan Thool,THOOL,England,3,1090
624,Ian Lubao,LUBAO,Northern Marianas,4,1080
625,Yonathan Ramlie,RAMLIE,Indonesia,3,1080
625,Rohan Gurbani,GURBANI,India,3,1080
627,Shaun Ekengren,EKENGREN,Sweden,8,1070
628,Chih Chieh Yang,YANG,Chinese Taipei,4,1070
628,Siddhartha Turaga,TURAGA,India,4,1070
630,Zack Bobrowski,BOBROWSKI,England,9,1060
631,Ramnish Kumar,KUMAR,Canada,6,1060
631,Charlie Castle,CASTLE,England,6,1060
633,Mun Dick Tan,TAN,Malaysia,4,1060
634,Alejandro Chueca Sanchez,SANCHEZ,Peru,3,1060
635,Arun Kumar Ashok Kumar,KUMAR,England,8,1050
636,Dickon Khoo,KHOO,Malaysia,5,1050
637,Martin Bundgaard,BUNDGAARD,Denmark,3,1050
638,Daigo Tanioka,TANIOKA,Japan,2,1050
639,David Silva,SILVA,Portugal,8,1030
640,Woraphop Chuenkha,CHUENKHA,Thailand,4,1030
641,Alvaro Vazquez,VAZQUEZ,Spain,3,1030
642,Abheesh Satheerthan,SATHEERTHAN,United Arab Emirates,2,1020
642,Aneesh Nirmal,NIRMAL,Australia,2,1020
642,Wei-Cheng Su,SU,Chinese Taipei,2,1020
645,Rayane Gallen,GALLEN,France,3,1010
646,Albin Carl Hjelm,HJELM,Sweden,3,1000
647,Xavier Chan Fung Ting,TING,Réunion,2,990
647,Momoh Nusa,NUSA,Nigeria,2,990
649,Andre Irpola,IRPOLA,Sweden,10,980
650,Jan Janoštík,JANOŠTÍK,Czech Republic,6,980
651,Victor Ikechukwu,IKECHUKWU,Nigeria,2,980
652,Ahmed Oduka,ODUKA,Uganda,3,970
653,Szymon Stokfisz,STOKFISZ,Poland,8,960
654,Ogunsanwo David Oluwasegun,OLUWASEGUN,Nigeria,2,960
654,Fabrizio Valdivieso Negri,NEGRI,Peru,2,960
654,Yousif Alhumairi,ALHUMAIRI,Iraq,2,960
654,Muteeb Dar,DAR,England,2,960
658,Kean Wei Tan,TAN,Malaysia,3,950
659,Orcun Ozturk,OZTURK,Turkiye,2,950
659,Bwalya Chanda,CHANDA,Zambia,2,950
659,Santiago Lozoya,LOZOYA,Mexico,2,950
662,Harry Jones,JONES,England,2,940
662,Mathis Chanthakesone,CHANTHAKESONE,Switzerland,2,940
664,Jacob Zhang,ZHANG,USA,3,930
664,Alan Martin,MARTIN,Australia,3,930
666,Blessing Mahwire,MAHWIRE,Zimbabwe,2,921
667,Teodor Ioan Cioroboiu,CIOROBOIU,Romania,2,920
667,Pedro Mendonça,MENDONÇA,Brazil,2,920
667,Segun Obasanjo Idowu,IDOWU,Nigeria,2,920
670,Balraj Kajla,KAJLA,India,1,920
670,Joshua Feng,FENG,New Zealand,1,920
670,Olorunfemi Emmanuel Ayobami,AYOBAMI,Nigeria,1,920
670,Rushendra Thirupathi,THIRUPATHI,India,1,920
670,Jason Anthony Ho-Shue,HO-SHUE,Canada,1,920
670,Daniel Hillier,HILLIER,New Zealand,1,920
670,Kartik Jindal,JINDAL,India,1,920
670,Lino Munoz,MUNOZ,Mexico,1,920
670,Sora Ogaki,OGAKI,Japan,1,920
670,Kevin Shi,SHI,USA,1,920
670,Jhoalbert Andrey Laverde Perez,PEREZ,Venezuela,1,920
670,Andrew Rouse,ROUSE,New Zealand,1,920
670,Waleson Vinicios Evangelista Dos Santos,SANTOS,Brazil,1,920
670,Timothy Lock,LOCK,Canada,1,920
670,Tony Fang,FANG,New Zealand,1,920
670,Buzurgmehri Abdulmajid,ABDULMAJID,Tajikistan,1,920
670,Yu-Kai Wang,WANG,Chinese Taipei,1,920
670,Gavin Kyjac Ong,ONG,Australia,1,920
670,Chao Yu Kan,KAN,Canada,1,920
670,Gabriel Cury,CURY,Brazil,1,920
670,Mateus Carrijo Cutti,CUTTI,Brazil,1,920
670,Richard Avila,AVILA,Venezuela,1,920
670,Andreau Galvez,GALVEZ,Northern Marianas,1,920
670,Michael Ji,JI,Canada,1,920
670,Sri Kolla,KOLLA,USA,1,920
670,Miguel Marinez,MARINEZ,Dominican Republic,1,920
670,William Barrios,BARRIOS,Venezuela,1,920
670,Torres Ricardo,RICARDO,Venezuela,1,920
670,Hao Da Liu,LIU,China,1,920
670,Daniel Christopher Egbonyi,EGBONYI,Nigeria,1,920
670,Kevin Wang,WANG,Canada,1,920
670,Jack Jiang,JIANG,New Zealand,1,920
670,Tony Chen,CHEN,New Zealand,1,920
670,Anishraj Rajkumar,RAJKUMAR,India,1,920
709,Pascal Nolem,NOLEM,Cameroon,2,910
709,Nathan Appave,APPAVE,Canada,2,910
709,Chuan Zhe Tai,TAI,Malaysia,2,910
712,Armin Sarosi,SAROSI,Austria,10,900
713,Gagan Balyan,BALYAN,India,3,890
714,Derek Yu,YU,Canada,4,880
715,Ben Hammond,HAMMOND,England,3,880
716,Akili Haynes,HAYNES,Guyana,2,870
716,Yu See,SEE,Chinese Taipei,2,870
716,Mohammed Munawar,MUNAWAR,United Arab Emirates,2,870
719,Rafael Gavois,GAVOIS,France,7,850
720,Gonzalo Sebastian Castillo Salazar,SALAZAR,Peru,3,840
721,Andrei Don,DON,Ukraine,8,830
722,Adarsh Palani Kumar,KUMAR,England,12,820
723,Lance Gabriel Vargas,VARGAS,Philippines,3,810
724,Mads Emil Monke,MONKE,Denmark,2,810
724,Søren Hald,HALD,Denmark,2,810
724,Seif Omar,OMAR,Egypt,2,810
724,Reagan Micheal Nsubuga,NSUBUGA,Uganda,2,810
724,Sayfiddin Mukhtarov,MUKHTAROV,Uzbekistan,2,810
729,Christopher Alexander Martinez Salvador,SALVADOR,Guatemala,1,808
730,Christian Faust Kjær,KJÆR,Denmark,3,800
730,Alvaro Rio,RIO,Mexico,3,800
732,Baptiste Rolin,ROLIN,Belgium,4,790
733,Helmer Andersson,ANDERSSON,Sweden,3,790
733,Charan Naik Kelavathu,KELAVATHU,India,3,790
735,Senne Houthoofd,HOUTHOOFD,Belgium,6,780
736,Muhammad Adam,ADAM,Malaysia,3,780
737,Thomas Katerega,KATEREGA,Uganda,3,770
738,Oswald Ash Fano-Dosh,FANO-DOSH,Benin,2,770
739,Rasmus Careø Christensen,CHRISTENSEN,Denmark,6,760
740,Quoc Khanh Tran,TRAN,Vietnam,2,760
740,Ernick Zorrilla,ZORRILLA,Dominican Republic,2,760
740,Alden Lefilson Putra Mainaky,MAINAKY,Indonesia,2,760
740,Van Mai Nguyen,NGUYEN,Vietnam,2,760
744,Shaurya Gullaiya,GULLAIYA,Canada,3,750
745,Michael Su,SU,Australia,2,750
746,Danielius Berzanskis,BERZANSKIS,Lithuania,7,740
747,Dragoslav Petrovic,PETROVIC,Serbia,6,740
748,Varot Uraiwong,URAIWONG,Thailand,3,740
748,Muhammad Alif Ahmad Fairuzly,FAIRUZLY,Malaysia,3,740
750,Kar Lung Chun,CHUN,England,4,730
751,Luis Pongratz,PONGRATZ,Germany,2,730
751,Azmy Qowimuramadhoni,QOWIMURAMADHONI,Azerbaijan,2,730
751,Artur Niyazov,NIYAZOV,Kazakhstan,2,730
754,Alessandro Gozzini,GOZZINI,Italy,8,720
755,Raghvender Raghvender,RAGHVENDER,India,4,720
756,Daniell Pablo,PABLO,Northern Marianas,2,720
756,Melvin Calzadilla,CALZADILLA,El Salvador,2,720
756,Patrick Chi,CHI,USA,2,720
756,Chen Yang Hu,HU,Guam,2,720
756,Nicky Yemin Aung,AUNG,Canada,2,720
756,Dylan Chan,CHAN,New Zealand,2,720
762,Danylo Skrynnik,SKRYNNIK,Ukraine,4,710
763,Kalei Kuan-Veng Kuong,KUONG,Peru,2,710
764,Fred Kirabo,KIRABO,Uganda,2,700
764,Ziad Hesham,HESHAM,Egypt,2,700
764,Yu Liang Chang,CHANG,Chinese Taipei,2,700
764,Marvin Chisela,CHISELA,Zambia,2,700
764,Edvard Hylander,HYLANDER,Sweden,2,700
764,Bengy Laime,LAIME,Peru,2,700
770,James Robertson,ROBERTSON,Scotland,11,699
771,Makhsut Tadzhibullaev,TADZHIBULLAEV,Kazakhstan,3,690
772,Jeshwin Arul Jebaresh Isaac,ISAAC,India,4,680
773,Akbar Oduka,ODUKA,Uganda,2,680
773,Bayken Ibray,IBRAY,Kazakhstan,2,680
773,Alyaan Mawani,MAWANI,Uganda,2,680
776,Shun Tian Lim,LIM,Singapore,4,670
777,Thanh Dat Bui,BUI,Vietnam,3,670
778,Harshal Bhoyar,BHOYAR,India,2,670
779,Aleksi Mäki,MÄKI,Finland,7,660
780,Ka Wai Ng,NG,England,4,660
781,Ferry Kurniawan,KURNIAWAN,Australia,1,660
781,Kemar Valentine,VALENTINE,Jamaica,1,660
781,Joel Angus,ANGUS,Jamaica,1,660
781,Nathaniel Finzi,FINZI,Jamaica,1,660
781,Keiber Alberto Peñalver Rivas,RIVAS,Venezuela,1,660
781,Zane Reid,REID,Jamaica,1,660
787,Justin Seibel,SEIBEL,Germany,8,650
788,Ian Moromisato Namisato,NAMISATO,Peru,3,650
789,Juan Alexis Acosta,ACOSTA,Dominican Republic,2,650
789,Alejandro Daniel Avalos,AVALOS,Paraguay,2,650
789,Bouksani Abderrahim,ABDERRAHIM,Algeria,2,650
792,Hassan Hisham Mohamed,MOHAMED,Maldives,3,640
793,Jonathan Dresp,DRESP,Germany,2,640
794,Yazan Saigh,SAIGH,Saudi Arabia,7,630
794,Abdullah Aldawsari,ALDAWSARI,Saudi Arabia,7,630
796,Expedito Emuddu,EMUDDU,Uganda,3,630
796,Takeru Kai,KAI,Australia,3,630
798,Michael Tomic,TOMIC,Austria,12,620
799,Christian Tomic,TOMIC,Austria,8,620
800,Jamie Pearcy,PEARCY,England,8,610
801,Anosch Ali,ALI,Germany,7,610
802,Ludvig Petre Olsson,OLSSON,Sweden,6,600
803,Saketh Upadhya,UPADHYA,USA,3,600
803,Tukum Laa,LAA,India,3,600
803,Hanz Haiqal,HAIQAL,Malaysia,3,600
806,Jhonatan Wu  Zheng,ZHENG,Venezuela,2,600
806,Victor Lai,LAI,USA,2,600
806,Tauri Kilk,KILK,Estonia,2,600
809,Surya Ganesh,GANESH,Zambia,1,600
809,Kevin Fu,FU,USA,1,600
809,Jean Yves Tokou,TOKOU,Ivory Coast,1,600
809,Kalonde Charles,CHARLES,Zambia,1,600
809,Mohammad Falamarzi,FALAMARZI,United Arab Emirates,1,600
809,Yazgan Calisir,CALISIR,Turkiye,1,600
809,Li Chi Chen,CHEN,Chinese Taipei,1,600
809,Rui Sato,SATO,Japan,1,600
809,Alejandro Àvalos,ÀVALOS,Paraguay,1,600
809,Taolo Kareng,KARENG,Botswana,1,600
809,Edwin Garcia,GARCIA,Mexico,1,600
809,Fu-Yang Chiang,CHIANG,Chinese Taipei,1,600
809,Julien Wadoud Totin,TOTIN,Benin,1,600
809,Daniel La Torre  Regal,REGAL,Peru,1,600
809,Martin Kangwa,KANGWA,Zambia,1,600
809,Phillip Amwata,AMWATA,South Africa,1,600
809,Mwansa Rodrick,RODRICK,Zambia,1,600
809,Gilbert Mwiya,MWIYA,Zambia,1,600
809,Gbenakpon  Franck Allognon,ALLOGNON,Benin,1,600
809,Yu Che Liu,LIU,Chinese Taipei,1,600
809,Wesley Kafunda,KAFUNDA,Zambia,1,600
809,Jonathan Molineros Ochoa,OCHOA,Guatemala,1,600
809,Fabián Alejandro Sagastume Bustamante,BUSTAMANTE,Guatemala,1,600
832,Diogo Gloria,GLORIA,Portugal,6,580
833,Kaylan Jensen,JENSEN,England,5,570
833,Harsh Arora,ARORA,India,5,570
835,Ibrahim Ali Haisham,HAISHAM,Maldives,3,570
836,Wilson Li,LI,Australia,2,570
836,Thomas Zi Xuan Ng,NG,Australia,2,570
836,Jayden Lim,LIM,Australia,2,570
836,Rhitvik Mohanty,MOHANTY,India,2,570
836,William Sayaphet,SAYAPHET,Australia,2,570
836,Kah Wei Tan,TAN,Australia,2,570
842,Harshit Thakur,THAKUR,India,4,560
843,Benjamin Bahamondez,BAHAMONDEZ,Chile,2,560
843,Asadbek Olimjanov,OLIMJANOV,Uzbekistan,2,560
845,Kristof Toth,TOTH,Hungary,6,550
846,Saahen Shetty,SHETTY,England,1,550
846,Winder Alfonzo Rodriguez,RODRIGUEZ,Venezuela,1,550
846,Don Henley Averia,AVERIA,USA,1,550
846,Hai Dang Vu,VU,Vietnam,1,550
846,Mestapaha Kessari,KESSARI,Algeria,1,550
846,Paul Christ Assembe Voundi,VOUNDI,Cameroon,1,550
846,Donnians Oliveira,OLIVEIRA,Brazil,1,550
846,Hin Lam Chin,CHIN,Australia,1,550
846,Young Min Kim,KIM,Korea,1,550
846,Aly Ashraf,ASHRAF,Egypt,1,550
846,Jose Pereira,PEREIRA,Venezuela,1,550
846,Oussama Keddou,KEDDOU,Algeria,1,550
846,Daniel Antonio Acosta Hilario,HILARIO,Dominican Republic,1,550
846,Seong Kyu Ji,JI,Korea,1,550
846,Joiser Calanche,CALANCHE,Venezuela,1,550
846,Javier Jesus Palacio Calderon,CALDERON,Venezuela,1,550
846,Wen Jie Liew,LIEW,Malaysia,1,550
846,Fred Nyaribo Momanyi,MOMANYI,Kenya,1,550
846,Teodomiro Obiang Nguema Nfono,NFONO,Equatorial Guinea,1,550
846,Ros Leonard Pedrosa,PEDROSA,Philippines,1,550
846,Vance Juteram,JUTERAM,Trinidad and Tobago,1,550
846,Juan Carlos Ballesteros Villalobos,VILLALOBOS,Venezuela,1,550
846,Darren Van De Leuv,LEUV,Suriname,1,550
846,Hamadou Bappa Abdouraman,ABDOURAMAN,Cameroon,1,550
846,Trung Tin Tran,TRAN,Vietnam,1,550
846,Willian Guimaraes,GUIMARAES,Brazil,1,550
846,Joaquim Mendonça,MENDONÇA,Brazil,1,550
846,Daoud Aimen,AIMEN,Algeria,1,550
846,Félix Michel Kemene Atangana,ATANGANA,Cameroon,1,550
846,D'Artagnan Da Silva,SILVA,Brazil,1,550
846,Abrahan Jose Gutierrez,GUTIERREZ,Venezuela,1,550
846,Hember Jose Zambrano,ZAMBRANO,Venezuela,1,550
846,Jhon Gabriel Carmona Sangroni,SANGRONI,Venezuela,1,550
846,Andrew Babwah,BABWAH,Trinidad and Tobago,1,550
846,Erick Furuchi,FURUCHI,Brazil,1,550
846,Nolan Chanthakesone,CHANTHAKESONE,Switzerland,1,550
846,Ethan Ramcharan,RAMCHARAN,Trinidad and Tobago,1,550
846,Caio Henrique Da Silva,SILVA,Brazil,1,550
846,Shun Khiat Goh,GOH,Malaysia,1,550
846,Thuan Kim,KIM,Vietnam,1,550
846,Jadon Tsang,TSANG,Canada,1,550
846,Gustavo Alejandro Albornoz Ledezma,LEDEZMA,Venezuela,1,550
846,Alex Paul,PAUL,Trinidad and Tobago,1,550
846,Edward Suria,SURIA,El Salvador,1,550
846,Antony Alejandro Alvarado,ALVARADO,Venezuela,1,550
846,Adithya Annan,ANNAN,United Arab Emirates,1,550
846,Timotius Elbert,ELBERT,Australia,1,550
846,Marlon Adonay Mancia Vides,VIDES,El Salvador,1,550
846,Muhammad Hairil Hamdani,HAMDANI,Indonesia,1,550
846,Victor Hugo Del Valle,VALLE,Guatemala,1,550
846,Matheri Joseph Githitu,GITHITU,Kenya,1,550
846,Samy Khaldi,KHALDI,Algeria,1,550
846,Patrick Dickson,DICKSON,Trinidad and Tobago,1,550
846,Freddy Lopez,LOPEZ,Dominican Republic,1,550
846,Wilson Cinco,CINCO,Venezuela,1,550
846,Roger Mouyalbe,MOUYALBE,Equatorial Guinea,1,550
846,Viet Khang Nguyen,NGUYEN,Vietnam,1,550
846,Ryan Sinanan,SINANAN,Trinidad and Tobago,1,550
908,Martin Ouazzen,OUAZZEN,France,4,540
908,Lucas Douce,DOUCE,Mauritius,4,540
910,Ethan Ao Jun Chan,CHAN,Canada,4,530
911,Mebel Mano Kurian,KURIAN,Wales,2,530
912,Eliel Melleri,MELLERI,Finland,5,520
913,Jorgen Rosenlund,ROSENLUND,Norway,4,520
914,Tejraj Pultoo,PULTOO,Mauritius,3,520
914,Le Manh An Tran,TRAN,Vietnam,3,520
914,Muhammad Ssali,SSALI,Uganda,3,520
914,Felix Wright,WRIGHT,England,3,520
918,Guillermo Buendia Maldonado,MALDONADO,Peru,2,520
918,Joseph Abel,ABEL,Nigeria,2,520
918,José Daniel Ochoa,OCHOA,Guatemala,2,520
918,Maurice Martin Revilla,REVILLA,Peru,2,520
918,Saul Andrade Yanque,YANQUE,Peru,2,520
918,Remo Blondet Martinez,MARTINEZ,Peru,2,520
918,Abba Mohammed,MOHAMMED,Nigeria,2,520
925,Marton Szerecz,SZERECZ,Hungary,6,510
926,Niilo Nyqvist,NYQVIST,Finland,4,510
927,Tian Shun Zhu,ZHU,China,1,510
928,Jasper Koppen,KOPPEN,Netherlands,6,490
929,Thoif Ahmed Mohamed,MOHAMED,Maldives,5,490
930,Gnana Harsha Jetty,JETTY,India,2,490
930,Wei Jun Teo,TEO,Malaysia,2,490
932,Stanimir Terziev,TERZIEV,Bulgaria,4,480
933,Kjell Wagener,WAGENER,Germany,3,480
933,Aakash Ravikumar,RAVIKUMAR,United Arab Emirates,3,480
935,Fabrizio Tabini Pinasco,PINASCO,Peru,2,480
936,Archie Bult,BULT,Wales,5,470
937,Cristian Savin,SAVIN,Moldova,3,470
938,Tony Lindelöf,LINDELÖF,Finland,4,460
939,Dennis Omara,OMARA,Uganda,3,460
939,Vaishnav Russeean,RUSSEEAN,Mauritius,3,460
939,Mohammad Walugembe,WALUGEMBE,Uganda,3,460
939,Shilton Tayebwa,TAYEBWA,Uganda,3,460
943,Shawn Hiu,HIU,Malaysia,2,460
943,Bhawesh Pandey,PANDEY,India,2,460
943,Hoang Kha Tran,TRAN,Vietnam,2,460
946,Adam Konczol,KONCZOL,Hungary,6,450
947,Danny Robson,ROBSON,Scotland,3,450
948,Bruno Agaba,AGABA,Uganda,2,450
948,Ismail Mungufeni,MUNGUFENI,Uganda,2,450
948,Franco Motto,MOTTO,Argentina,2,450
948,Shaurya Gupta,GUPTA,Uganda,2,450
948,Brendan Lee,LEE,Cook Islands,2,450
953,Rohith Mariswamy,MARISWAMY,India,3,440
954,Toma Noda,NODA,Japan,2,433
955,Gal Bizjak,BIZJAK,Slovenia,9,430
956,Rune Van Dalm,DALM,Netherlands,7,430
957,Alexander Ringbæk,RINGBÆK,Denmark,2,430
957,Aditya Chouhan,CHOUHAN,India,2,430
959,Hyung Seok Kang,KANG,Korea,1,430
959,Shaurya Madaan,MADAAN,Australia,1,430
959,Ytharth Madaan,MADAAN,Australia,1,430
962,Ragnar Sepp,SEPP,Estonia,4,420
963,H. Leihong Konyak,KONYAK,India,2,420
963,Seong Hyun Son,SON,Korea,2,420
963,Hong Je Lee,LEE,Korea,2,420
963,Sang Ho Lee,LEE,Korea,2,420
963,Guna Kusal Dhulupudi,DHULUPUDI,Uganda,2,420
968,Raphael Chenu,CHENU,France,6,400
969,Neo Rahlolo,RAHLOLO,Lesotho,3,400
970,Lars Kros,KROS,Netherlands,2,400
970,Andrew Zhuang,ZHUANG,Canada,2,400
972,Shaun Ally Aamir,AAMIR,Scotland,8,390
973,Soen Rimmer,RIMMER,Switzerland,6,390
974,Tonni Zhou,ZHOU,Italy,4,390
975,Iljo Van Delsen,DELSEN,Belgium,9,380
976,David Smutný,SMUTNÝ,Czech Republic,7,380
977,Ivan Medynskiy,MEDYNSKIY,Ukraine,3,380
977,Emil Dantler,DANTLER,Austria,3,380
979,Mads Storm Randrup,RANDRUP,Denmark,2,380
979,Shae Michael Martin,MARTIN,Barbados,2,380
979,Teiva Politi,POLITI,French Polynesia (Tahiti),2,380
979,Nikhit Laxman,LAXMAN,India,2,380
979,"Darrell, Sen Xian Chew",CHEW,Malaysia,2,380
979,Hong Quan Lok,LOK,Malaysia,2,380
985,Marian Liptak,LIPTAK,Slovakia,9,370
986,Marius Reboul L'Alexandre,L'ALEXANDRE,France,5,370
987,Jeremy Lemaitre,LEMAITRE,New Caledonia,2,362
987,Remy Goubin,GOUBIN,French Polynesia (Tahiti),2,362
987,Taniela Ngaue,NGAUE,Tonga,2,362
987,Kaihei Teiefitu,TEIEFITU,French Polynesia (Tahiti),2,362
987,Glen Lefoll,LEFOLL,French Polynesia (Tahiti),2,362
992,Thomas Barth,BARTH,Norway,5,360
993,Niklas Kramer,KRAMER,Switzerland,3,360
994,Tebello Selemela,SELEMELA,Lesotho,2,360
994,David Piakura,PIAKURA,Cook Islands,2,360
994,Damus Matakino,MATAKINO,Cook Islands,2,360
997,Eric Duong,DUONG,USA,1,360
997,Ologbosere Oluwatimilehin David,DAVID,Nigeria,1,360
997,Yik Fong Lim,LIM,Malaysia,1,360
997,Jasmanjot Virk,VIRK,New Zealand,1,360
997,Rayce Su,SU,Canada,1,360
997,Lucio Raul Mize Lampiao,LAMPIAO,Mozambique,1,360
997,Bodhit Joshi,JOSHI,India,1,360
997,Jakim Renaud,RENAUD,Seychelles,1,360
997,Jett Ko,KO,Canada,1,360
997,Chirag Sharma,SHARMA,India,1,360
997,Chongo Ezra Mulenga,MULENGA,Zambia,1,360
997,Antoine Eddy Owona Ndimako,NDIMAKO,Cameroon,1,360
997,Philip Mak,MAK,Canada,1,360
997,Mehran Shahbazi,SHAHBAZI,Iran,1,360
997,Joseph Lu,LU,Canada,1,360
997,Evan Rusli,RUSLI,Australia,1,360
997,Erick Trujillo Enriquez,ENRIQUEZ,Mexico,1,360
997,Aaron Malcouzane,MALCOUZANE,Seychelles,1,360
997,Yesun- Erdene Munkhbaatar,MUNKHBAATAR,Mongolia,1,360
997,Kevin Shi,SHI,Canada,1,360
997,Hongyuan Wong,WONG,Australia,1,360
997,Mohamad Pairavand,PAIRAVAND,Iran,1,360
997,Daine Marulanda,MARULANDA,Colombia,1,360
997,Maneatapu Maretapu,MARETAPU,Cook Islands,1,360
997,Om Neelam,NEELAM,Australia,1,360
997,Daniel Philip,PHILIP,Nigeria,1,360
997,Siale Molitika,MOLITIKA,Tonga,1,360
997,Jun Zong Kayson Goh,GOH,Australia,1,360
997,Amirhossein Hasani,HASANI,Iran,1,360
997,Balakrishnan Piravin,PIRAVIN,Malaysia,1,360
997,Thibaud Cougouille,COUGOUILLE,Réunion,1,360
997,Winson Wong,WONG,New Zealand,1,360
997,Erdenebayar Enkhbold,ENKHBOLD,Mongolia,1,360
997,Nicholas Raj,RAJ,India,1,360
997,Kreetik Kreetik,KREETIK,Malaysia,1,360
997,Liam Fong,FONG,Fiji,1,360
997,Zewei Xie,XIE,Australia,1,360
997,Paul Kopolo,KOPOLO,Zimbabwe,1,360
997,Yaozu (David) Zhou,ZHOU,Australia,1,360
997,Abdulhamid Waleed Musa,MUSA,Nigeria,1,360
997,Wey Shawn Ng,NG,Australia,1,360
997,Lunsong (Micheal) Wang,WANG,Australia,1,360
997,Nima Rostampourlagaldani,ROSTAMPOURLAGALDANI,Iran,1,360
997,Alexander Coumbe,COUMBE,New Zealand,1,360
997,Jia Jun Chen,CHEN,China,1,360
997,Neville Baptist Nosius Luaran,LUARAN,Malaysia,1,360
997,Mohsen Naeimi,NAEIMI,Iran,1,360
997,Olonbayar Enkhbat,ENKHBAT,Mongolia,1,360
997,Benoit Bordeleau,BORDELEAU,Canada,1,360
997,Heiva Yvonet,YVONET,French Polynesia (Tahiti),1,360
997,Edmilson Paulo Mutondo,MUTONDO,Mozambique,1,360
997,Matin Moghimi,MOGHIMI,Iran,1,360
997,Mohammad Zarchi,ZARCHI,Iran,1,360
997,Daniel S. Farid,Farid,India,1,360
997,Oliver Chen,CHEN,Canada,1,360
997,Yifan Zhang,ZHANG,New Zealand,1,360
997,Muhammad Izzuddin Shamsul Muzli,MUZLI,Malaysia,1,360
997,Anton Menzel,MENZEL,Canada,1,360
997,Ryan Boniface,BONIFACE,Seychelles,1,360
997,Jingtong Chen,CHEN,Australia,1,360
997,Karl Sufryd,SUFRYD,Germany,1,360
997,Praveen Tayalan,TAYALAN,New Zealand,1,360
997,Amit Kshatriya,KSHATRIYA,Canada,1,360
997,Saleh Sangtarash,SANGTARASH,Iran,1,360
997,Quan Sheng Ee,EE,Malaysia,1,360
997,Talar Laa,LAA,India,1,360
997,Adam Shepherd,SHEPHERD,England,1,360
997,Zulficar Issufo Mussagy,MUSSAGY,Mozambique,1,360
997,Kiren Milan Deraj,DERAJ,Canada,1,360
997,Saidu Aliyu,ALIYU,Nigeria,1,360
997,Soyombo Zoljargal,ZOLJARGAL,Mongolia,1,360
997,Sourabh Verma,VERMA,India,1,360
997,Yufei Zhai,ZHAI,Canada,1,360
997,Farzin Khanjani,KHANJANI,Iran,1,360
997,Mohammad Ali Faghih Khorasani,KHORASANI,Iran,1,360
997,Khuvituguldur Byambajav,BYAMBAJAV,Mongolia,1,360
997,Gerelsukh Jargalsaikhan,JARGALSAIKHAN,Mongolia,1,360
997,Kelvin Evans Alphous,ALPHOUS,Ghana,1,360
1075,Abdurashid Muminov,MUMINOV,Uzbekistan,2,350
1076,Jose Espnoza,ESPNOZA,Guatemala,1,350
1076,Jorge Manuel Basulto Fernandez,FERNANDEZ,Cuba,1,350
1076,Perekisi Tshepo,Tshepo,Botswana,1,350
1076,Mishingo Meshack Keokilwe,KEOKILWE,Botswana,1,350
1076,Bruno Mora,MORA,Chile,1,350
1076,Poho Kaumba,KAUMBA,Zambia,1,350
1076,Owei Mbole,MBOLE,Zambia,1,350
1076,Diego Garcia Garcia,GARCIA,Guatemala,1,350
1076,Andy Rodrigo Ferguharson Alfaro,ALFARO,Guatemala,1,350
1076,Laurent Job Samuel Kpangni,KPANGNI,Ivory Coast,1,350
1076,Kenny Chisi,CHISI,Zambia,1,350
1076,Raul Anguiano,ANGUIANO,Guatemala,1,350
1076,Alessandro Anguiano Gonzalez,GONZALEZ,Guatemala,1,350
1076,Leandro Gil Dueñas,DUEÑAS,Cuba,1,350
1076,Preferet Adomahou,ADOMAHOU,Benin,1,350
1076,Andrew Mumba,MUMBA,Zambia,1,350
1076,Reidan Cervantes Osoria,OSORIA,Cuba,1,350
1076,Diosbel Tamayo Palacio,PALACIO,Cuba,1,350
1076,Yu Yen Cheng,CHENG,Chinese Taipei,1,350
1076,Yosuan Pita Segura,SEGURA,Cuba,1,350
1076,Peniel Degnon De-Dravo,DE-DRAVO,Benin,1,350
1076,Arturo Martinez,MARTINEZ,Mexico,1,350
1076,Jangir Ibraev,IBRAEV,Kazakhstan,1,350
1076,Tumisang Olekantse,OLEKANTSE,Botswana,1,350
1076,Cedwyn Mosweu,MOSWEU,Botswana,1,350
1076,Carlos Miguel Codjo Kpanou,KPANOU,Benin,1,350
1076,Roilan Perez Fuentes,FUENTES,Cuba,1,350
1076,Dean Matyanga,MATYANGA,Zimbabwe,1,350
1076,T. L. Novalis Noel Noukpo,NOUKPO,Benin,1,350
1076,Saddam Sidi Rufai,RUFAI,Nigeria,1,350
1076,Jose Leandro Labrada Soler,SOLER,Cuba,1,350
1076,Diego Trujillo Marrero,MARRERO,Guatemala,1,350
1076,Maximiliano Peregrina Torres,TORRES,Mexico,1,350
1076,Fadh Arogoun,AROGOUN,Benin,1,350
1076,Dario Alejandro Tul Teo,TEO,Guatemala,1,350
1076,Yevgeniy Yevseyev,YEVSEYEV,Kazakhstan,1,350
1076,Yu Hsiang Lin,LIN,Chinese Taipei,1,350
1076,Gildas Tobossi,TOBOSSI,Benin,1,350
1076,Tlamelang Kepaletswe,KEPALETSWE,Botswana,1,350
1076,Irving Perez,PEREZ,Mexico,1,350
1076,Mark Banda,BANDA,Zambia,1,350
1076,William Javier Esteban Marroquin Mayen,MAYEN,Guatemala,1,350
1076,Ilya Lysenko,LYSENKO,Kazakhstan,1,350
1076,Mike Maseko,MASEKO,Zambia,1,350
1076,Fred Simabambaya,SIMABAMBAYA,Zambia,1,350
1076,Manuel Del Rosario Pargas,PARGAS,Cuba,1,350
1076,Azim Issa,ISSA,Togo,1,350
1076,Santiago Uziel Lopez Martinez,MARTINEZ,Mexico,1,350
1076,Alejandro Garcia Garcia,GARCIA,Guatemala,1,350
1076,Carlos Charles Ahouangassi,AHOUANGASSI,Benin,1,350
1076,Cheng-Che Lu,LU,Chinese Taipei,1,350
1076,Martin Olmos,OLMOS,Chile,1,350
1076,Jean-Marc Vianney Agossouwi,AGOSSOUWI,Benin,1,350
1076,Emilio Zambrano Solano,SOLANO,Ecuador,1,350
1076,Hassani D Phiri,PHIRI,Zambia,1,350
1076,Anthony Moreno Hobelin,HOBELIN,Cuba,1,350
1076,Ryan Armand Swart,SWART,South Africa,1,350
1076,Kenta Matsukawa,MATSUKAWA,Japan,1,350
1076,Jean Carlos Guerrero Gallo,GALLO,Cuba,1,350
1076,Otsile Marumo,MARUMO,Botswana,1,350
1136,Min Htet Kaung,KAUNG,Myanmar,3,340
1136,Biloliddin Kuchkarboev,KUCHKARBOEV,Uzbekistan,3,340
1138,Khaitmurat Kulmatov,KULMATOV,Kazakhstan,2,340
1138,Aditya Joshi,JOSHI,India,2,340
1138,Kim Linell,LINELL,Sweden,2,340
1138,Ratmir Gilmanov,GILMANOV,Kazakhstan,2,340
1138,Andrey Nedbaylo,NEDBAYLO,Kazakhstan,2,340
1138,Denis Mukasa,MUKASA,Uganda,2,340
1138,Gafforbek Jabborov,JABBOROV,Uzbekistan,2,340
1138,Moustafa Bumpenje,BUMPENJE,Uganda,2,340
1146,Maj Poboljšaj,POBOLJŠAJ,Slovenia,8,320
1147,Michal Walentek,WALENTEK,Poland,5,320
1148,Teerapat Kleawan,KLEAWAN,Thailand,2,310
1148,Matt Jenkins,JENKINS,England,2,310
1148,Andrew Peter Newman,NEWMAN,Thailand,2,310
1148,Muhammad Ikmal Aizat Mohd Ishak,ISHAK,Malaysia,2,310
1152,Adam Mcallister,MCALLISTER,Ireland,4,300
1153,Fabrizio Gutierrez Quicaño,QUICAÑO,Peru,2,300
1153,Graydon Robb,ROBB,Canada,2,300
1153,Alejandro Crisanto Toribio,TORIBIO,Peru,2,300
1156,Michal Szczypka,SZCZYPKA,Poland,3,290
1157,Michael Schausberger,SCHAUSBERGER,Austria,4,280
1158,Rakesh Sharma,SHARMA,Netherlands,3,280
1159,Arjun Rehani,REHANI,India,2,280
1159,Chayakorn Sootlake,SOOTLAKE,Thailand,2,280
1161,Pavel Maňásek,MAŇÁSEK,Czech Republic,7,270
1162,Cheng-En Wu,WU,Chinese Taipei,2,270
1162,Henry Paynter,PAYNTER,Canada,2,270
1162,Sebastian Lassen Nielsen,NIELSEN,Denmark,2,270
1162,Connor Louie,LOUIE,Canada,2,270
1162,Vaibhav B.S.,B.S.,India,2,270
1162,Yusuf Almutawa,ALMUTAWA,Bahrain,2,270
1168,Eid Ali Al Maliki,MALIKI,England,6,260
1169,Gabriel Rodrigues,RODRIGUES,Portugal,5,260
1170,Sen Thomas,THOMAS,Scotland,3,260
1171,Gregor Alič,ALIČ,Slovenia,10,255
1172,Michael Pang,PANG,England,3,250
1172,Sebastian Mikkelsen,MIKKELSEN,Denmark,3,250
1174,Maksymilian Krogulski,KROGULSKI,Poland,2,250
1175,Idan Schneidman,SCHNEIDMAN,Israel,6,240
1176,Matteo Justel,JUSTEL,France,5,240
1177,Hugo Jardim,JARDIM,England,4,240
1178,Niels Veenstra,VEENSTRA,Netherlands,2,240
1178,Dev Vishnu,VISHNU,United Arab Emirates,2,240
1180,Xiang Li,LI,China,1,240
1180,Cheng Ming Ren,REN,China,1,240
1180,Aaron Zhao,ZHAO,Canada,1,240
1180,Deepak Padmakumar,PADMAKUMAR,United Arab Emirates,1,240
1180,Chen Jia Chu,CHU,Chinese Taipei,1,240
1180,Jun Feng Gu,GU,China,1,240
1186,Aleksander Dzwonnik,DZWONNIK,Poland,5,230
1187,Borko Petrovic,PETROVIC,Serbia,4,230
1188,Najjimu Mbowa,MBOWA,Uganda,2,230
1188,Mattias Xu,XU,Norway,2,230
1188,Jordan Abo,ABO,Uganda,2,230
1188,Samuel Wasswa,WASSWA,Uganda,2,230
1188,Joseph Ssonko,SSONKO,Uganda,2,230
1188,Balint Papai,PAPAI,Hungary,2,230
1188,Aaron Ndawula,NDAWULA,Uganda,2,230
1195,Gabriel Ingi Helgason,HELGASON,Iceland,6,220
1196,Ali Ahmed El Khateeb,KHATEEB,Egypt,4,220
1196,Jan Krumpak,KRUMPAK,Slovenia,4,220
1198,Jaka Ivančič,IVANČIČ,Slovenia,3,220
1199,Oleksii Titov,TITOV,Ukraine,4,210
1200,Arthur Tatranov,TATRANOV,France,3,210
1200,Angus Meldrum,MELDRUM,Scotland,3,210
1202,Rishwan Shiyam,SHIYAM,Maldives,2,210
1203,Vitaliy Reva,REVA,Ukraine,1,210
1203,Youssif Mohamed,MOHAMED,Egypt,1,210
1203,Otabek Kamilov,KAMILOV,Kazakhstan,1,210
1203,Datu Anif Isaac Datu Asrah,ASRAH,Malaysia,1,210
1203,Yuta Kikuchi,KIKUCHI,Japan,1,210
1203,Amir Mahabir,MAHABIR,Trinidad and Tobago,1,210
1203,Teck Joon Kong,KONG,Malaysia,1,210
1203,Shun Huat Goh,GOH,Malaysia,1,210
1203,Umang Kaushik,KAUSHIK,India,1,210
1203,Jamoliddin Salimov,SALIMOV,Tajikistan,1,210
1203,Kyrylo Leonov,LEONOV,Ukraine,1,210
1203,Aaiden Ramcharan,RAMCHARAN,Trinidad and Tobago,1,210
1203,Nicholas Chiu,CHIU,USA,1,210
1203,Nathaniel Khillawan,KHILLAWAN,Trinidad and Tobago,1,210
1203,Savinaka Weerasekara,WEERASEKARA,Sri Lanka,1,210
1203,Sharifzoda Saidov,SAIDOV,Tajikistan,1,210
1203,Nathanael Valleirmen,VALLEIRMEN,Indonesia,1,210
1203,Abduqayum Boboev,BOBOEV,Tajikistan,1,210
1203,Joshua Yang,YANG,USA,1,210
1203,Leon Cassie,CASSIE,Trinidad and Tobago,1,210
1203,Dywne Dickson,DICKSON,Trinidad and Tobago,1,210
1203,Alijon Musofirov,MUSOFIROV,Tajikistan,1,210
1203,Muhamadsaid Salimov,SALIMOV,Tajikistan,1,210
1203,Phitikamon Phankaew,PHANKAEW,Thailand,1,210
1203,Roger Moore,MOORE,Trinidad and Tobago,1,210
1203,Saruul Shafiq,SHAFIQ,Germany,1,210
1203,Jing Yao Pang,PANG,Malaysia,1,210
1203,Amal Sanjai Mayadevi,MAYADEVI,India,1,210
1203,Omar Emad,EMAD,Egypt,1,210
1203,Landon Kurniawan,KURNIAWAN,Australia,1,210
1203,Thanh Long Vu,VU,Vietnam,1,210
1203,Hong Xuan Lim,LIM,Malaysia,1,210
1203,Edwin Akwanyi,AKWANYI,Kenya,1,210
1203,Jakob Godt,GODT,Denmark,1,210
1203,Phillip Halim,HALIM,Australia,1,210
1203,Ondřej Pálinkáš,PÁLINKÁŠ,Czech Republic,1,210
1203,Moaz Hesham Hassan,HASSAN,Egypt,1,210
1203,Rafael Faria,FARIA,Brazil,1,210
1203,Kin Mo Chan,CHAN,Australia,1,210
1203,Tairique Phillip,PHILLIP,Trinidad and Tobago,1,210
1203,Keshon Luces,LUCES,Trinidad and Tobago,1,210
1203,Zamir Ali,ALI,Trinidad and Tobago,1,210
1203,Mirmuhammad Dadoboev,DADOBOEV,Tajikistan,1,210
1203,Verone Salick,SALICK,Trinidad and Tobago,1,210
1203,Eric Mason,MASON,Trinidad and Tobago,1,210
1203,Kyrese Tobias,TOBIAS,Trinidad and Tobago,1,210
1203,Vishal Ramsubhag,RAMSUBHAG,Trinidad and Tobago,1,210
1203,Justin Samaroo,SAMAROO,Trinidad and Tobago,1,210
1203,Mohamed Amine Guelmaoui,GUELMAOUI,Algeria,1,210
1203,Allen Fang,FANG,Australia,1,210
1203,Rylan Tan,TAN,USA,1,210
1203,Yuki Liu,LIU,Australia,1,210
1203,Oba-Ob Rabbie Jayson,JAYSON,Philippines,1,210
1203,Amrish Boodram,BOODRAM,Trinidad and Tobago,1,210
1203,Hein Kaung San,SAN,Myanmar,1,210
1203,Kevin Chen,CHEN,Paraguay,1,210
1203,Sameer Ali,ALI,Trinidad and Tobago,1,210
1203,Gabriel Boodram,BOODRAM,Trinidad and Tobago,1,210
1203,Timothy Sentosa,SENTOSA,Australia,1,210
1203,Samuel Lewis,LEWIS,Trinidad and Tobago,1,210
1203,Che Pedro,PEDRO,Trinidad and Tobago,1,210
1203,Anuj Talwar,TALWAR,Trinidad and Tobago,1,210
1203,Vishal Pereira,PEREIRA,Bahrain,1,210
1203,Dinh Hoang Nguyen,NGUYEN,Vietnam,1,210
1203,Duy Nam Le,LE,Vietnam,1,210
1203,Shashaank Sai Munnangi,MUNNANGI,India,1,210
1203,Carlos Ignacio Abreu Millan,MILLAN,Venezuela,1,210
1203,Donovan David,DAVID,Trinidad and Tobago,1,210
1203,Doniv Pooran,POORAN,Trinidad and Tobago,1,210
1203,Ayush Raj Gupta,GUPTA,India,1,210
1203,Ayoub Rayan Daoud,DAOUD,Algeria,1,210
1203,Jordan Ramsumair,RAMSUMAIR,Trinidad and Tobago,1,210
1203,Jace Smith,SMITH,Trinidad and Tobago,1,210
1203,Akeel Sanchez,SANCHEZ,Trinidad and Tobago,1,210
1203,Jean Claudio Franca Amaral,AMARAL,Brazil,1,210
1203,Thu Thao Nguyen,NGUYEN,Vietnam,1,210
1279,Sebastian Kadlec,KADLEC,Slovakia,8,200
1280,Simone Piccinin,PICCININ,Italy,3,200
1281,Ben Muir,Muir,England,2,200
1281,Muhammad Affan Ahmad Atabek,ATABEK,Malaysia,2,200
1281,Christos Hailis,HAILIS,Cyprus,2,200
1281,Lincoln Isaac Shim,SHIM,Malaysia,2,200
1281,Muhammad Rafi Zafran Ferary,FERARY,Indonesia,2,200
1286,Kevin Hargiono,HARGIONO,Luxembourg,6,190
1287,Mats Duwel,DUWEL,Netherlands,4,190
1288,Oliver Lee Nowak,NOWAK,Denmark,2,190
1289,Rei Miyashita,MIYASHITA,Japan,2,186
1290,Adheep Gupta,GUPTA,India,3,185
1291,Zoltan Kereszti,KERESZTI,Hungary,6,180
1291,Joseph Waugh,WAUGH,England,6,180
1291,Bartosz Krajewski,KRAJEWSKI,Poland,6,180
1294,Safin Emran,EMRAN,Finland,4,180
1294,Daniel Dvořák,DVOŘÁK,Czech Republic,4,180
1294,Lois Le Corre,CORRE,France,4,180
1297,Finlay Jack,JACK,Scotland,2,180
1297,Salim Ben Boudinar,BOUDINAR,Scotland,2,180
1299,Ivor Zekan,ZEKAN,Croatia,5,170
1299,Rasmus Andersson,ANDERSSON,Finland,5,170
1301,Simeon Abiodun Akinsola,AKINSOLA,Nigeria,2,170
1301,Eric Ofoyuru,OFOYURU,Uganda,2,170
1301,Joshua Ogwang,OGWANG,Uganda,2,170
1301,Sarun Rukcharoen,RUKCHAROEN,Thailand,2,170
1301,Aidan Yu Kiat Siow Yin Young,YOUNG,Mauritius,2,170
1301,Surya Pratap Singh,SINGH,India,2,170
1301,Chen Chang Ng,NG,Malaysia,2,170
1301,Yash Shah,SHAH,India,2,170
1309,Arnav Lokhande,LOKHANDE,Canada,1,170
1309,Aaron Tamakloe,TAMAKLOE,Ghana,1,170
1309,Alireza Fakher,FAKHER,Iran,1,170
1309,Sankalp Chandragurala,CHANDRAGURALA,India,1,170
1309,Muhammad Ammar Masood,MASOOD,Scotland,1,170
1309,Babatunde Abdullateef Kayode,KAYODE,Nigeria,1,170
1309,Yu Feng Julian Ho,HO,Singapore,1,170
1309,Felix Dong Sun,SUN,Canada,1,170
1309,Jagadeesh Kalaga,KALAGA,India,1,170
1309,Muhammad Ammar Rusyaidi Razif,RAZIF,Malaysia,1,170
1309,Velayutham Poopathi,POOPATHI,Malaysia,1,170
1309,Md Nazmul Islam Joy,JOY,Bangladesh,1,170
1309,Aris Kattirtzi,KATTIRTZI,Cyprus,1,170
1309,Jhon Berdugo,BERDUGO,Colombia,1,170
1309,Dillon Chong,CHONG,England,1,170
1309,Wen Xuan Ting,TING,Malaysia,1,170
1309,Anton Angeles,ANGELES,Canada,1,170
1309,Usman Mohammed Mamza,MAMZA,Nigeria,1,170
1309,Ahmad Abdul Samad,SAMAD,Ghana,1,170
1309,Leslie Nii Adote Addo,ADDO,Ghana,1,170
1309,Soroush Eskandari Vatannejad,VATANNEJAD,Iran,1,170
1309,Jerry Yin,YIN,Canada,1,170
1309,Sahil Sahil,SAHIL,Canada,1,170
1309,Nicholas Lai-Cheong,LAI-CHEONG,Canada,1,170
1309,Panukorn Nimitpornchai,NIMITPORNCHAI,Thailand,1,170
1309,Mohammad Bagheri,BAGHERI,Iran,1,170
1309,Ajay Meena,MEENA,India,1,170
1309,Christopher Weibe,WEIBE,Canada,1,170
1309,Sree Yashwanth.A.S Sathish Kumar,KUMAR,India,1,170
1309,Manish Kumar,KUMAR,India,1,170
1309,Matthew Waring,WARING,Scotland,1,170
1309,Tobiloba Oyewole,OYEWOLE,Benin,1,170
1309,Lokesh Reddy Kalagotla,KALAGOTLA,India,1,170
1309,Anthony Wong,WONG,Canada,1,170
1309,Daniel Borja,BORJA,Colombia,1,170
1309,Mehdi Ansari,ANSARI,Iran,1,170
1309,Marcelo Novoa Aservi,ASERVI,Peru,1,170
1309,Arpitraj Rajesh Kumar Sinha,SINHA,Canada,1,170
1309,Matthew Shankar Teoh,TEOH,Malaysia,1,170
1309,Xavier Laperriere,LAPERRIERE,Canada,1,170
1309,Syed Saker Mohammad Sibgat Ullah,ULLAH,Bangladesh,1,170
1309,David Walsh,WALSH,Ireland,1,170
1309,Habeeb Temitope Bello,BELLO,Nigeria,1,170
1352,Deepak Pillai,PILLAI,Sweden,3,160
1353,Jose Manuel Jaime Magaña,MAGAÑA,Mexico,2,160
1353,Arturo Angel Salazar,SALAZAR,Mexico,2,160
1353,Jan Wilczak,WILCZAK,Poland,2,160
1353,Ziga Podgoršek,PODGORŠEK,Slovenia,2,160
1357,Liano Panza,PANZA,Switzerland,4,150
1358,Sebastian Pinkowicz,PINKOWICZ,Poland,3,150
1359,Leo Hölzmer,HÖLZMER,Luxembourg,5,140
1360,Mihir Palande,PALANDE,Spain,4,140
1361,Loris Dietrich,DIETRICH,Switzerland,3,140
1361,Zyver John De Leon,LEON,Italy,3,140
1363,Kun Yong Xadrian Tay,TAY,Singapore,2,140
1363,Siddharath Thakur,THAKUR,India,2,140
1363,Dennis Eversdijk,EVERSDIJK,Netherlands,2,140
1366,Piotr Krajewski,KRAJEWSKI,Poland,5,130
1367,Pedro Portelas,PORTELAS,Portugal,4,130
1368,Joel Mislav Kunst,KUNST,Estonia,3,130
1369,Tamino Procida,PROCIDA,Germany,2,130
1369,Venkata Uneeth Krishna Bhimavarapu,BHIMAVARAPU,India,2,130
1371,Danilo Sebastián Lopez Herrera,HERRERA,Guatemala,1,130
1371,Maxil Kpokou,KPOKOU,Benin,1,130
1371,Paul Massias,MASSIAS,France,1,130
1371,Temur Turakhonov,TURAKHONOV,Uzbekistan,1,130
1371,Nicholas Lai,LAI,USA,1,130
1371,Isaac Uriel Perez Garcia,GARCIA,Mexico,1,130
1371,Yann Vital Abissi,ABISSI,Benin,1,130
1371,Faïssal Kafando,KAFANDO,Burkina Faso,1,130
1371,Mohmed Sufiyan Malik,MALIK,South Africa,1,130
1371,Amord Sepela,SEPELA,Botswana,1,130
1371,Yann Emerick Ismael Bledou,BLEDOU,Ivory Coast,1,130
1371,Jayesh Milind Khamkar,KHAMKAR,Zimbabwe,1,130
1371,Robert Sawadogo,SAWADOGO,Burkina Faso,1,130
1371,Mihiradji Tchagafou,TCHAGAFOU,Togo,1,130
1371,Seto Priskero Kiki,KIKI,Benin,1,130
1371,Carlos Jaramillo,JARAMILLO,Mexico,1,130
1371,José Alberto López Martinez,MARTINEZ,Mexico,1,130
1371,Kao Gee-Q Gobe Mokgatle,MOKGATLE,Botswana,1,130
1371,Amrullo Bakhshullaev,BAKHSHULLAEV,Uzbekistan,1,130
1371,Adams Ntungamili,NTUNGAMILI,Botswana,1,130
1371,Nikita Vasiliyev,VASILIYEV,Kazakhstan,1,130
1371,Ephraim Mwale,MWALE,Zambia,1,130
1371,Ting Yu Goh,GOH,England,1,130
1371,Batanani Bongani Oboletse,OBOLETSE,Botswana,1,130
1371,Andrey Shalagin,SHALAGIN,Kazakhstan,1,130
1371,Yusuf Yaşar,YAŞAR,Turkiye,1,130
1371,Erlan Yeshimkhanov,YESHIMKHANOV,Kazakhstan,1,130
1371,Batsho Kgakishi,KGAKISHI,Botswana,1,130
1371,Ibrahim Abdulmalik Baba,BABA,Nigeria,1,130
1371,Laone Mogopa,MOGOPA,Botswana,1,130
1371,Angel Martinez,MARTINEZ,Mexico,1,130
1371,Artyom Savatyugin,SAVATYUGIN,Uzbekistan,1,130
1371,Prashant Harish,HARISH,USA,1,130
1371,Keishin Rimmer,RIMMER,Switzerland,1,130
1371,Abdul Voris Muminov,MUMINOV,Uzbekistan,1,130
1371,Abdurasul Khadjaev,KHADJAEV,Uzbekistan,1,130
1407,Shing Hei Ko,KO,Hong Kong China,2,127
1408,Mikolaj Morawski,MORAWSKI,Poland,4,120
1409,Ivan Druzchenko,DRUZCHENKO,Ukraine,2,120
1409,Meng Jin Basile Koh,KOH,Singapore,2,120
1409,Zawahiir Kayanjwa,KAYANJWA,Uganda,2,120
1409,Denis Onyango,ONYANGO,Uganda,2,120
1409,Abubakari Babu,BABU,Uganda,2,120
1409,Daksh Haldar,HALDAR,Uganda,2,120
1409,Ronnie Kaserenge,KASERENGE,Uganda,2,120
1416,Balazs Papai,PAPAI,Hungary,3,110
1416,Edvin Hadžihalilović,HADŽIHALILOVIĆ,Croatia,3,110
1416,Igor Jasek,JASEK,Poland,3,110
1419,Nyanesh Anand Changea,CHANGEA,Mauritius,2,110
1419,Nicolai Condratiuc,CONDRATIUC,Moldova,2,110
1419,Abdul Latheef Gasim Liyah,LIYAH,Maldives,2,110
1419,Frits Reumer,REUMER,Netherlands,2,110
1419,Bhavesh Bissessur,BISSESSUR,Mauritius,2,110
1419,Jonas Jæger,JÆGER,Denmark,2,110
1419,Jason Francois,FRANCOIS,Mauritius,2,110
1419,Mohamed Maailu Fathuhulla Ismail,ISMAIL,Maldives,2,110
1419,Abdul Samad Mohamed Saalim,SAALIM,Maldives,2,110
1419,Hassan Zayan,ZAYAN,Maldives,2,110
1419,Hanuman Pravish,PRAVISH,Mauritius,2,110
1430,Mayan Mogilner,MOGILNER,Israel,4,100
1430,Moritz Unz,UNZ,Germany,4,100
1432,Man Yin Leung,LEUNG,Wales,2,100
1432,Kelvin Chong,CHONG,USA,2,100
1432,Thomas Joseph Stanford,STANFORD,England,2,100
1432,Harper Leigh,LEIGH,Wales,2,100
1432,Farogh Sanjay Aman,AMAN,India,2,100
1437,Marhanif Ali,ALI,Brunei Darussalem,1,100
1437,Derrick Odida Odoch,ODOCH,Uganda,1,100
1437,Carl Christian Møller,MØLLER,Norway,1,100
1437,Ryane Mazri,MAZRI,Algeria,1,100
1437,Thiti Kokilawatee,KOKILAWATEE,Thailand,1,100
1437,Ahmed Ali Abdelmajeed Elbahnasawy,ELBAHNASAWY,Egypt,1,100
1437,Run Jie Liu,LIU,China,1,100
1437,Aribi Aymen Benytou,BENYTOU,Algeria,1,100
1437,Rishabh Kalidasan,KALIDASAN,United Arab Emirates,1,100
1437,Rishi Mayur,MAYUR,Australia,1,100
1437,Mohamed Salim Almazrouei,ALMAZROUEI,United Arab Emirates,1,100
1437,Quoc Huy Nguyen,NGUYEN,Vietnam,1,100
1437,Alvin Ajirin,AJIRIN,Malaysia,1,100
1437,Izzeddine Ziat,ZIAT,Algeria,1,100
1437,Kiran Balaji,BALAJI,United Arab Emirates,1,100
1437,Nikhil Shyam Sriram,SRIRAM,India,1,100
1437,Billal Larachi,LARACHI,Algeria,1,100
1437,Van Sang Nguyen,NGUYEN,Vietnam,1,100
1437,Izzeldeen Abuarrah,ABUARRAH,Jordan,1,100
1437,Hoai Nam Nguyen,NGUYEN,Vietnam,1,100
1437,Minh Thai Le,LE,Vietnam,1,100
1437,Ahmed Hasan,HASAN,Bahrain,1,100
1437,Wongsup Wongsup-In,WONGSUP-IN,Thailand,1,100
1437,Irusumalla Pushkal,PUSHKAL,Australia,1,100
1437,Jia Qi Peng,PENG,China,1,100
1437,Yehezkiel Fritz Mainaky,MAINAKY,Indonesia,1,100
1437,Michael Tam,TAM,Australia,1,100
1437,Sivabalan Visnuvaarman,VISNUVAARMAN,Malaysia,1,100
1437,Abdelrahman Abdelsattar,ABDELSATTAR,Egypt,1,100
1437,Roshan Rajkumar,RAJKUMAR,Australia,1,100
1437,Mansour Yousif Almazrouei,ALMAZROUEI,United Arab Emirates,1,100
1437,Nick So,SO,Australia,1,100
1437,Melquisidek Elias Almeida Lima,LIMA,Brazil,1,100
1437,Duc Bao Ta,TA,Vietnam,1,100
1437,Huaishu Ge,GE,Australia,1,100
1437,Mohamed Neji Somrani,SOMRANI,Tunisia,1,100
1437,Leon Kurniawan,KURNIAWAN,Australia,1,100
1437,Kauan Figueroa Sttocco,STTOCCO,Brazil,1,100
1437,Phonesack Sokthavy,SOKTHAVY,Laos,1,100
1437,Ouzaier Khayati,KHAYATI,Tunisia,1,100
1437,Mohamed Mostafa Kamel,KAMEL,Egypt,1,100
1437,Tavio Terichy,TERICHY,Indonesia,1,100
1437,João Mendonça Taveira,TAVEIRA,Brazil,1,100
1437,Viet Nhan Nguyen,NGUYEN,Vietnam,1,100
1437,Ragoonundun Agnivesh,AGNIVESH,Mauritius,1,100
1437,Ching-Hung Kuo,KUO,Chinese Taipei,1,100
1437,Chouaib Djebli,DJEBLI,Algeria,1,100
1437,Chung Chuen Yap,YAP,Malaysia,1,100
1437,Saif Eddine Kiouar,KIOUAR,Algeria,1,100
1437,Nasser Alnakkas,ALNAKKAS,Bahrain,1,100
1437,Young Woong Ha,HA,Korea,1,100
1437,Saif Abu Eid,EID,Jordan,1,100
1437,Sunilkumar Nair Sanjay,SANJAY,India,1,100
1437,Sayed Ebrahim Hasan,HASAN,Bahrain,1,100
1437,Mohamed Rayane Bouffeniche,BOUFFENICHE,Algeria,1,100
1437,Josias Haneman,HANEMAN,Paraguay,1,100
1437,Wojciech Nych,NYCH,Poland,1,100
1437,Yi Chuan Tian,TIAN,China,1,100
1437,Raul Must,MUST,Estonia,1,100
1437,Tien Dat Nguyen,NGUYEN,Vietnam,1,100
1437,Deng Xian Wang,WANG,China,1,100
1437,Mattew Minggat,MINGGAT,Brunei Darussalem,1,100
1437,Duc Truong Ngo,NGO,Vietnam,1,100
1437,Mohamed Amine Chekkal,CHEKKAL,Algeria,1,100
1437,Omar Shater,SHATER,Egypt,1,100
1437,Akram Mamareli,MAMARELI,Algeria,1,100
1437,Nam Khanh Bui,BUI,Vietnam,1,100
1437,Mohamed Ali Abidi,ABIDI,Algeria,1,100
1437,Sofiane Aouamer,AOUAMER,Algeria,1,100
1437,Quang Huy Dong,DONG,Vietnam,1,100
1437,Mohamed Khalfan Almazrouei,ALMAZROUEI,United Arab Emirates,1,100
1437,Laichi Yacine,YACINE,Algeria,1,100
1437,Marcelo Bosa Oliveira,OLIVEIRA,Brazil,1,100
1437,Marco Castillo,CASTILLO,Costa Rica,1,100
1437,Min Jae Kim,KIM,Korea,1,100
1437,Steven He,HE,Canada,1,100
1437,Nidarshan Nidhish,NIDHISH,Malaysia,1,100
1437,Khalifa Saeed Almazrouei,ALMAZROUEI,United Arab Emirates,1,100
1437,Duarte Nuno Anjo,ANJO,Portugal,1,100
1437,Alisson Vasconcellos,VASCONCELLOS,Brazil,1,100
1437,Aslam Oduka,ODUKA,Uganda,1,100
1437,Gabriel Resler Casara,CASARA,Brazil,1,100
1437,Qusai Althawahreh,ALTHAWAHREH,Jordan,1,100
1437,Yu Xuan Liu,LIU,China,1,100
1437,Richie Duta Richardo,RICHARDO,Indonesia,1,100
1437,Wen Duo Sun,SUN,China,1,100
1437,Jonathan Esquivel Vargas,VARGAS,Mexico,1,100
1524,Tony Crowley,CROWLEY,Ireland,3,90
1524,Mark Koroša,KOROŠA,Slovenia,3,90
1524,Andraž Pungartnik,PUNGARTNIK,Slovenia,3,90
1527,Raphael Maho,MAHO,Belgium,2,90
1527,Oleg Amosov,AMOSOV,Ukraine,2,90
1527,Louie Lyons,LYONS,Ireland,2,90
1530,Dorian Florin Tihi,TIHI,Germany,3,80
1530,Kevin Lin Lenarčič,LENARČIČ,Slovenia,3,80
1530,Mykola Shkliaiev,SHKLIAIEV,Ukraine,3,80
1530,Daniel Johannesson,JOHANNESSON,Iceland,3,80
1534,Jordan Edgar,EDGAR,Scotland,2,80
1534,Peyo Boichinov,BOICHINOV,Bulgaria,2,80
1534,Matthew Cheung,CHEUNG,Ireland,2,80
1534,Martin Hlebarski,HLEBARSKI,Bulgaria,2,80
1534,Ivan Dimitrov,DIMITROV,Bulgaria,2,80
1539,Vito Saganić,SAGANIĆ,Croatia,3,70
1540,Marco Danti,DANTI,Italy,2,70
1540,Yegor Romaniuk,ROMANIUK,Ukraine,2,70
1542,Ansh Negi,NEGI,India,1,70
1542,Adel Sourati,SOURATI,Iran,1,70
1542,Rishabh Deshpande,DESHPANDE,India,1,70
1542,Tijl Dewit,DEWIT,Belgium,1,70
1542,Jake Thomas,THOMAS,Scotland,1,70
1542,Dhruv Negi,NEGI,India,1,70
1542,Loic Antoine Nanicaoudin,NANICAOUDIN,Réunion,1,70
1542,Amer Awad,AWAD,Iraq,1,70
1542,Mees Janssen,JANSSEN,Netherlands,1,70
1542,Karrar Hussein,HUSSEIN,Iraq,1,70
1542,Emamdhully Mohammad Rayan Shanawaz Rezah,REZAH,Mauritius,1,70
1542,Seyed Armin Zaki Zadeh,ZADEH,Iran,1,70
1542,Seyedmohammad Golchin Hosseini,HOSSEINI,Iran,1,70
1542,Karwan Nozad Abdullah,ABDULLAH,Iraq,1,70
1542,Isum Arachchige,ARACHCHIGE,England,1,70
1542,Chamath Dias,DIAS,Sri Lanka,1,70
1542,Ali Neamah,NEAMAH,Iraq,1,70
1542,Simon Nas De Tourris,TOURRIS,Réunion,1,70
1542,Sarath Dunna,DUNNA,India,1,70
1542,Sohit Hooda,HOODA,India,1,70
1542,Prathmesh Kulkarni,KULKARNI,India,1,70
1542,Wick Keerthapongalan,KEERTHAPONGALAN,England,1,70
1542,Hugo Constans,CONSTANS,Réunion,1,70
1542,Anirv Reddy Chamakura,CHAMAKURA,USA,1,70
1542,Saied Babayani,BABAYANI,Iran,1,70
1542,Kristian Dukov,DUKOV,England,1,70
1542,Ali Mohammed Ali,ALI,Iraq,1,70
1542,Rudraksh Swarnkar,SWARNKAR,India,1,70
1542,Magnus Bach Kristensen,KRISTENSEN,Denmark,1,70
1542,Michael Svejsø,SVEJSØ,Denmark,1,70
1542,Arshia Amalkonande,AMALKONANDE,Iran,1,70
1542,Rounak Chouhan,CHOUHAN,India,1,70
1542,Murtadha Talib,TALIB,Iraq,1,70
1542,Koushiik C. S,S,India,1,70
1542,Sean Laureta,LAURETA,Ireland,1,70
1542,Jewel Mano Varughese,VARUGHESE,Wales,1,70
1542,Kanapathy Kuhan,KUHAN,Malaysia,1,70
1542,Ganeshram Subramaniam Balaji,BALAJI,Scotland,1,70
1542,Arnaud Delsaut,DELSAUT,Belgium,1,70
1542,Jacob Nilsson,NILSSON,Sweden,1,70
1542,Ewen Stephen,STEPHEN,England,1,70
1542,Percival Cheng,CHENG,England,1,70
1542,Gregory Grondin,GRONDIN,Réunion,1,70
1542,Al- Qazzaz Ali Muafaq Hadi,Hadi,Iraq,1,70
1542,Gaurav Parmar,PARMAR,India,1,70
1542,Mehdi Hajtalebi,HAJTALEBI,Iran,1,70
1542,Harsh Chaplot,CHAPLOT,India,1,70
1542,Muntadher Nabeel,NABEEL,Iraq,1,70
1542,Ahmad Raoufi,RAOUFI,Iran,1,70
1542,Azhar Mohamed Ayyoob,AYYOOB,Maldives,1,70
1542,Rasmus Messerschmidt,MESSERSCHMIDT,Denmark,1,70
1542,Eliott Lieutier,LIEUTIER,France,1,70
1542,Govind Krishna,KRISHNA,India,1,70
1542,Fu Seng Lee,LEE,Malaysia,1,70
1542,Callum Thomas,THOMAS,Ireland,1,70
1542,Mohammad Mahdi Mirshekari,MIRSHEKARI,Iran,1,70
1542,Yousif M. Khudhur,KHUDHUR,Iraq,1,70
1542,Soaham Kulkarni,KULKARNI,Scotland,1,70
1600,Carl Claesson,CLAESSON,Sweden,3,60
1600,Tadeáš Brázda,BRÁZDA,Czech Republic,3,60
1600,Robert Ingi Huldarsson,HULDARSSON,Iceland,3,60
1603,Ibrah Yiga,YIGA,Uganda,2,60
1603,Adam Mwebe,MWEBE,Uganda,2,60
1603,Geofrey Alema,ALEMA,Uganda,2,60
1603,Rannar Zirk,ZIRK,Estonia,2,60
1603,Emmanuel Mulindwa,MULINDWA,Uganda,2,60
1603,Rahim Nsubuga,NSUBUGA,Uganda,2,60
1603,Mitchell Maynard,MAYNARD,Sweden,2,60
1603,Sai Ravi Teja Reddy Punyala,PUNYALA,Uganda,2,60
1611,Juan Felipe Noguera,NOGUERA,Colombia,1,60
1611,Hadrien Harand,HARAND,France,1,60
1611,Nestor Israel González Gómez,GÓMEZ,Mexico,1,60
1611,Landon Ortiz,ORTIZ,Mexico,1,60
1611,Siim Saarse,SAARSE,Estonia,1,60
1611,Juan Pablo Montoya,MONTOYA,Mexico,1,60
1611,Tso Chuan Yeh,YEH,Chinese Taipei,1,60
1611,Alvar Melleri,MELLERI,Finland,1,60
1611,Teodor Mitev,MITEV,Bulgaria,1,60
1611,Antoine Beaubois,BEAUBOIS,French Polynesia (Tahiti),1,60
1611,Thomas Tournefier,TOURNEFIER,France,1,60
1611,Diego Chavez,CHAVEZ,Mexico,1,60
1611,Rune Tøttrup,TØTTRUP,Denmark,1,60
1611,Samuel Cali,CALI,Malta,1,60
1611,Wen Che Lee,LEE,Chinese Taipei,1,60
1611,Iakovos Acheriotis,ACHERIOTIS,Cyprus,1,60
1611,Gift Kangelesa,KANGELESA,Zambia,1,60
1611,Adam Travinskiy,TRAVINSKIY,Israel,1,60
1611,Ignas Reznikas,REZNIKAS,Lithuania,1,60
1611,Koudousse Souleymann,SOULEYMANN,Togo,1,60
1611,Thabang Nawa,NAWA,Botswana,1,60
1611,Emilien Morin,MORIN,France,1,60
1611,Anil Ulaç Atan,ATAN,Turkiye,1,60
1611,Justine Simwanza,SIMWANZA,Zambia,1,60
1611,Maurice Mbewe,MBEWE,Zambia,1,60
1611,Julio Israel Ortiz Alarcon,ALARCON,Mexico,1,60
1611,Reinis Krauklis,KRAUKLIS,Latvia,1,60
1611,Mateo Peregrina,PEREGRINA,Mexico,1,60
1611,Mariano Elizondo,ELIZONDO,Mexico,1,60
1611,Ioannis Tambourlas,TAMBOURLAS,Cyprus,1,60
1611,Anders Schaiffel,SCHAIFFEL,Denmark,1,60
1611,Luca Wiechmann,WIECHMANN,Germany,1,60
1611,Angel Alejandro Benítez Hernández,HERNÁNDEZ,Mexico,1,60
1611,Yibak Jessel,JESSEL,Mexico,1,60
1611,Roko Pipunić,PIPUNIĆ,Croatia,1,60
1611,Tak Wing Yu,YU,South Africa,1,60
1611,Ivan Olivares,OLIVARES,Mexico,1,60
1611,Juan Torres,TORRES,Mexico,1,60
1611,Pranav Srikanth,SRIKANTH,Canada,1,60
1611,Christian Dumler,DUMLER,Germany,1,60
1651,Handoko Yusuf Wijayanto,WIJAYANTO,Indonesia,1,55
1652,Djordje Stepanovic,STEPANOVIC,Serbia,3,50
1652,Matthew Galea,GALEA,Malta,3,50
1654,Viktor Petrovic,PETROVIC,Serbia,2,50
1654,Ivan Tsaregorotsev,TSAREGOROTSEV,Ukraine,2,50
1654,Arturs Akmens,AKMENS,Latvia,2,50
1654,Sergej Lukic,LUKIC,Serbia,2,50
1654,Romain Frank,FRANK,France,2,50
1659,Volodymyr Koluzaiev,KOLUZAIEV,Ukraine,3,45
1660,Mark Aronchik,ARONCHIK,Israel,3,40
1661,Amir Shapira,SHAPIRA,Israel,2,40
1661,Emil Johansson,JOHANSSON,Sweden,2,40
1661,Bene Benjamin Kiss,KISS,Hungary,2,40
1661,Tsamorena Kevin Kgosidialwa,KGOSIDIALWA,Botswana,2,40
1661,Anton Berik,BERIK,Estonia,2,40
1666,Enock Kipchumba,KIPCHUMBA,Kenya,1,40
1666,Abdul Hirya,HIRYA,Uganda,1,40
1666,Ondřej Běhounek,BĚHOUNEK,Czech Republic,1,40
1666,Kacper Gorniak,GORNIAK,Poland,1,40
1666,Csanad Horvath,HORVATH,Hungary,1,40
1666,Apolo Oloo,OLOO,Kenya,1,40
1666,Tejas Savoo,SAVOO,Mauritius,1,40
1666,Abdul Zeeshan Beebeejaun,BEEBEEJAUN,Mauritius,1,40
1666,Andrej Suchy,SUCHY,Slovakia,1,40
1666,Adam Bogacz,BOGACZ,Poland,1,40
1666,Mohamed Udhaish Ahmed Shareef,SHAREEF,Maldives,1,40
1666,John Muiruri Mburu,MBURU,Kenya,1,40
1666,Abdul Zaheer Beebeejaun,BEEBEEJAUN,Mauritius,1,40
1666,Bin Hamid Hoodh,HOODH,Maldives,1,40
1666,Dawid Perkowski,PERKOWSKI,Poland,1,40
1666,Cyrus Mutuku,MUTUKU,Kenya,1,40
1666,Abdul Rasheed Aseel,ASEEL,Maldives,1,40
1666,Simeon Suchy,SUCHY,Slovakia,1,40
1666,Kevin Kasyoki,KASYOKI,Kenya,1,40
1666,Thomas Sibbald,SIBBALD,Netherlands,1,40
1666,Pranav Bhaugeerothee,BHAUGEEROTHEE,Mauritius,1,40
1666,Nikhil Nayeck,NAYECK,Mauritius,1,40
1666,Ahmed Daniel Ashraf,ASHRAF,Maldives,1,40
1666,Andreas Roksvaag,ROKSVAAG,Norway,1,40
1666,Mohamed Adeem Adam,ADAM,Maldives,1,40
1666,Dominik Tripet,TRIPET,Switzerland,1,40
1666,Mohamad Aabidullah Tagan,TAGAN,Mauritius,1,40
1666,Wiktor Cierpisz,CIERPISZ,Poland,1,40
1666,Bin Mohamed Solah Ahmed Ayaan,AYAAN,Maldives,1,40
1666,Max Svensson,SVENSSON,Sweden,1,40
1666,Ayaan Dhanani,DHANANI,Uganda,1,40
1666,Seaman Kinyua,KINYUA,Kenya,1,40
1666,Mads Marum,MARUM,Norway,1,40
1666,Sammy Mdogo Sikoyo,SIKOYO,Kenya,1,40
1666,Rajhans Rai Nundah,NUNDAH,Mauritius,1,40
1666,Patryk Kordek,KORDEK,Poland,1,40
1702,Andy Baque Marcillo,MARCILLO,Ecuador,1,38
1703,Erik Li,LI,Finland,2,30
1703,Kaiwen Li,LI,Finland,2,30
1703,Vladyslav Stepanchenko,STEPANCHENKO,Ukraine,2,30
1703,Hendrik Stagge,STAGGE,Germany,2,30
1703,Marcell Csobod,CSOBOD,Hungary,2,30
1703,Rodrigo Almeida,ALMEIDA,Portugal,2,30
1703,Niklas Lynge Olesen,OLESEN,Denmark,2,30
1710,Harry Willson,WILLSON,England,1,30
1710,Harry Lines,LINES,England,1,30
1710,Dinuka Karunaratne,KARUNARATNE,England,1,30
1710,Gavin Kirby,KIRBY,Wales,1,30
1710,Luke Griffiths,GRIFFITHS,England,1,30
1710,Barry Garnham,GARNHAM,Wales,1,30
1710,Yehor Nechai,NECHAI,Ukraine,1,30
1717,Spero Dossa,DOSSA,Benin,1,20
1717,Robert Thor Henn,HENN,Iceland,1,20
1717,Angelo Silva,SILVA,Portugal,1,20
1717,Sharon Perelshtein,PERELSHTEIN,Israel,1,20
1717,Vladyslav Kunin,KUNIN,Ukraine,1,20
1717,Axel Ganci,GANCI,France,1,20
1717,Edouard Ankou,ANKOU,Togo,1,20
1717,Akpa Jerome Ibrahim Agnimel,AGNIMEL,Ivory Coast,1,20
1717,Trinity Pheko,PHEKO,Botswana,1,20
1717,Isaac Ellul,ELLUL,Malta,1,20
1717,Kasper Funch,FUNCH,Denmark,1,20
1717,Hrvoje Mavriček,MAVRIČEK,Croatia,1,20
1717,Mikkel Langemark,LANGEMARK,Denmark,1,20
1717,Oankgoga Tidimatso,TIDIMATSO,Botswana,1,20
1717,Axilleas Tsartsidis,TSARTSIDIS,Greece,1,20
1717,Kamogelo Bofelo Wesi,WESI,Botswana,1,20
1717,Josua Hardmeier,HARDMEIER,Switzerland,1,20
1717,Miraç Kantar,KANTAR,Turkiye,1,20
1717,Andis Berzins,BERZINS,Latvia,1,20
1717,Phenyo Mokgwatlheng,MOKGWATLHENG,Botswana,1,20
1717,Bugrahan Perk,PERK,Turkiye,1,20
1717,Gotsilemang Motlhabane,MOTLHABANE,Botswana,1,20
1717,Ambrose Nadiope,NADIOPE,Uganda,1,20
1717,Vid Koščak,KOŠČAK,Slovenia,1,20
1717,Dimitrios Papadopoulos,PAPADOPOULOS,Greece,1,20
1717,Nelson Tjihumino,TJIHUMINO,Botswana,1,20
1717,Mael Dietrich,DIETRICH,Switzerland,1,20
1717,Constantinos Symeonides,SYMEONIDES,Cyprus,1,20
1717,Christ Jemuel Yoro,YORO,Ivory Coast,1,20
1717,Mohamadi Ouedraogo,OUEDRAOGO,Burkina Faso,1,20
1717,Tsaone Mosweu,MOSWEU,Botswana,1,20
1717,Patrik Dimitrov,DIMITROV,Bulgaria,1,20
1717,Pauls Eliass Rozenvalds,ROZENVALDS,Latvia,1,20
1717,Christopher Klauer,KLAUER,Germany,1,20
1717,Edric Marnel Charbel Mehou,MEHOU,Benin,1,20
1717,Patriks Kandis,KANDIS,Latvia,1,20
1717,Martin Stratiev,STRATIEV,Bulgaria,1,20
1717,Aboul Fatao Tapsoba,TAPSOBA,Burkina Faso,1,20
1717,Sibusiso Jabulani Ntungwana,NTUNGWANA,Botswana,1,20
1717,Baldwin Atlang Wesi,WESI,Botswana,1,20
1717,Marcus Svenson,SVENSON,Sweden,1,20
1717,Burak Kucuk,KUCUK,Turkiye,1,20
1717,Thabang Lebogang,LEBOGANG,Botswana,1,20
1717,Keone Olatoste,OLATOSTE,Botswana,1,20
1717,Jules Francklin Nahouenou,NAHOUENOU,Benin,1,20
1717,Tshimologo Rasta,RASTA,Botswana,1,20
1717,Diego Scalvini,SCALVINI,Italy,1,20
1717,Evgeni Uzunov,UZUNOV,Bulgaria,1,20
1717,Jonas Schwarz,SCHWARZ,Switzerland,1,20
1717,Polizois Polizoakis,POLIZOAKIS,Greece,1,20
1717,Ewan Goulin,GOULIN,France,1,20
1717,Matthias Trauffer,TRAUFFER,Switzerland,1,20
1717,Gal Hiram,HIRAM,Israel,1,20
1717,Swann Hardi,HARDI,France,1,20
1717,Domas Paksys,PAKSYS,Lithuania,1,20
1717,Krzysztof Jakowczuk,JAKOWCZUK,Poland,1,20
1717,Imran Mohamed,MOHAMED,England,1,20
1717,Alejandro Lopez,LOPEZ,Spain,1,20
1717,Desire Anagonou,ANAGONOU,Benin,1,20
1717,Niels Rugaard,RUGAARD,Denmark,1,20
1717,Logan Dorso,DORSO,France,1,20
1717,Calin Tudor Turcu,TURCU,Romania,1,20
1717,Yordan Yordanov,YORDANOV,Bulgaria,1,20
1717,Godson Dossa,DOSSA,Benin,1,20
1717,Modiri Motshegwe,MOTSHEGWE,Botswana,1,20
1717,Josip Uglesic,UGLESIC,Croatia,1,20
1717,Noel Tappeiner,TAPPEINER,Switzerland,1,20
1717,Shachar Bar Yosef-Yayama,YOSEF-YAYAMA,Israel,1,20
1717,Andri Niedermann,NIEDERMANN,Switzerland,1,20
1717,Paschalis Melikidis,MELIKIDIS,Greece,1,20
1717,Alex Revelie Djinin Sah,SAH,Benin,1,20
1717,Casper Spaans,SPAANS,Netherlands,1,20
1717,Narcisse Djossou,DJOSSOU,Benin,1,20
1717,Theodoros Papadopoulos,PAPADOPOULOS,Greece,1,20
1717,Hector Rebetz,REBETZ,Sweden,1,20
1717,Zsombor Dulcz,DULCZ,Hungary,1,20
1717,Orestis Chotoumanidis,CHOTOUMANIDIS,Greece,1,20
1717,James Salter,SALTER,England,1,20
1717,Nigel Degaetano,DEGAETANO,Malta,1,20
1717,Tsvetan Ivanov,IVANOV,Bulgaria,1,20
1717,Ryan Ngetupe Kehinana,KEHINANA,Botswana,1,20
1717,Nikolas Diglidis,DIGLIDIS,Germany,1,20
1717,Kean Gabor Kigyos,KIGYOS,Hungary,1,20
1717,Magloire Mathieu Olakoule Audio Fahami,FAHAMI,Benin,1,20
1717,Tim Krämer,KRÄMER,Germany,1,20
1717,Berat Ayindi,AYINDI,Turkiye,1,20
1717,Zafir Emran,EMRAN,Finland,1,20
1717,Tadej Jelenc,JELENC,Slovenia,1,20
1717,Ilija Nicolussi,NICOLUSSI,Austria,1,20
1717,Shon Leitman,LEITMAN,Israel,1,20
1717,Uroš Burjek,BURJEK,Slovenia,1,20
1808,Pak Ngai Mak,MAK,Hong Kong China,2,16
1809,Daniel Bielin,BIELIN,USA,2,11
1810,Edzus Meirans,MEIRANS,Latvia,1,10
1810,Eric Teller,TELLER,Germany,1,10
1810,Arturs Kelpe,KELPE,Latvia,1,10
1810,Hannes Hani,HANI,Estonia,1,10
1810,Raul Martin Maidvee,MAIDVEE,Estonia,1,10
1810,Harry Morgan,MORGAN,England,1,10
1810,Serhii Marushchak,MARUSHCHAK,Ukraine,1,10
1810,Kristian Kitanov,KITANOV,Bulgaria,1,10
1810,Kevin Dang,DANG,Germany,1,10
1810,Nicolas Franconville,FRANCONVILLE,Switzerland,1,10
1810,Lukasz Zwierzchowski,ZWIERZCHOWSKI,Poland,1,10
1810,Ivo Keiss,KEISS,Latvia,1,10
1810,Tony Nan,NAN,Netherlands,1,10
1810,Andrejs Vilnis,VILNIS,Latvia,1,10
1810,Miklos Kis-Kasza,KIS-KASZA,Hungary,1,10
1810,Heming Lin,LIN,Finland,1,10
1810,Davis Strazdins,STRAZDINS,Latvia,1,10
1810,Rolands Bratcikovs,BRATCIKOVS,Latvia,1,10
1810,Toms Sala,SALA,Latvia,1,10
1810,Karl-Rasmus Pungas,PUNGAS,Estonia,1,10
1810,Daniel Klančar,KLANČAR,Slovenia,1,10
1810,Kazimieras Dauskurtas,DAUSKURTAS,Lithuania,1,10
1810,Rudolfs Andersons,ANDERSONS,Latvia,1,10
1810,Akseli Aalto,AALTO,Finland,1,10
1810,Edgaras Slusnys,SLUSNYS,Lithuania,1,10
1810,Rúni Øster,ØSTER,Faroe Islands,1,10
1810,Dennis Kumar,KUMAR,Estonia,1,10
1810,Sune Juul Ørskov,ØRSKOV,Denmark,1,10
1810,Pjotr Odijk,ODIJK,Netherlands,1,10
1810,Rihards Zugs,ZUGS,Latvia,1,10
1810,Aljaz Ferk,FERK,Slovenia,1,10
1810,Hugo Themas,THEMAS,Estonia,1,10
1842,Dylan Soedjasa,SOEDJASA,New Zealand,1,2
1842,Lucas Juillot,JUILLOT,New Caledonia,1,2
1842,Emanuela Mataio,MATAIO,Cook Islands,1,2
1845,"Li Wern, Timothy Mesney Phang",PHANG,Singapore,2,2
